date,equity,deployed_usd
2020-08-27,1000.0,0.0
2020-08-28,1000.0,0.0
2020-08-29,1000.0,0.0
2020-08-30,1000.0,0.0
2020-08-31,1000.0,0.0
2020-09-01,1000.0,0.0
2020-09-02,1000.0,0.0
2020-09-03,1000.0,0.0
2020-09-04,1000.0,0.0
2020-09-05,1000.0,0.0
2020-09-06,1000.0,0.0
2020-09-07,1000.0,0.0
2020-09-08,1000.0,0.0
2020-09-09,1000.0,0.0
2020-09-10,1000.0,0.0
2020-09-11,1000.0,0.0
2020-09-12,1000.0,0.0
2020-09-13,1000.0,0.0
2020-09-14,1000.0,0.0
2020-09-15,1000.0,0.0
2020-09-16,1000.0,0.0
2020-09-17,1000.0,0.0
2020-09-18,1000.0,0.0
2020-09-19,1000.0,0.0
2020-09-20,1000.0,0.0
2020-09-21,1000.0,0.0
2020-09-22,999.27,56.93
2020-09-23,1003.16,53.04
2020-09-24,998.48,57.71
2020-09-25,998.0,58.2
2020-09-26,997.66,58.53
2020-09-27,997.07,59.12
2020-09-28,997.66,58.54
2020-09-29,996.69,59.5
2020-09-30,996.69,59.51
2020-10-01,997.84,58.35
2020-10-02,999.04,57.15
2020-10-03,998.98,57.21
2020-10-04,997.92,58.27
2020-10-05,997.71,58.48
2020-10-06,999.84,56.35
2020-10-07,999.71,56.49
2020-10-08,998.16,58.04
2020-10-09,995.83,60.37
2020-10-10,994.92,61.28
2020-10-11,995.23,237.43
2020-10-12,995.58,178.01
2020-10-13,992.37,273.96
2020-10-14,991.72,273.32
2020-10-15,992.8,274.4
2020-10-16,986.82,268.42
2020-10-17,988.18,269.77
2020-10-18,992.89,274.49
2020-10-19,997.03,278.63
2020-10-20,996.72,278.31
2020-10-21,1015.76,297.36
2020-10-22,1024.71,306.3
2020-10-23,1022.76,304.36
2020-10-24,1026.45,308.04
2020-10-25,1023.56,305.16
2020-10-26,1020.5,302.1
2020-10-27,1032.32,313.92
2020-10-28,1022.71,304.31
2020-10-29,1025.35,306.95
2020-10-30,1025.77,307.37
2020-10-31,1030.36,311.95
2020-11-01,1032.52,314.11
2020-11-02,1025.74,307.34
2020-11-03,1034.31,315.91
2020-11-04,1039.91,321.51
2020-11-05,1065.88,347.48
2020-11-06,1075.77,357.37
2020-11-07,1058.71,340.31
2020-11-08,1073.74,355.34
2020-11-09,1068.92,350.52
2020-11-10,1069.98,351.58
2020-11-11,1079.22,360.82
2020-11-12,1088.43,370.02
2020-11-13,1092.47,374.07
2020-11-14,1084.62,366.22
2020-11-15,1079.59,361.19
2020-11-16,1094.47,376.06
2020-11-17,1114.6,396.2
2020-11-18,1115.45,397.05
2020-11-19,1114.03,395.62
2020-11-20,1137.15,418.75
2020-11-21,1148.71,430.31
2020-11-22,1146.21,427.81
2020-11-23,1157.94,439.53
2020-11-24,1169.24,450.84
2020-11-25,1153.34,434.94
2020-11-26,1116.38,397.98
2020-11-27,1115.93,397.53
2020-11-28,1129.72,411.32
2020-11-29,1146.84,428.44
2020-11-30,1180.51,462.11
2020-12-01,1158.09,439.69
2020-12-02,1167.85,449.45
2020-12-03,1176.07,457.67
2020-12-04,1151.71,433.3
2020-12-05,1166.96,448.55
2020-12-06,1171.44,453.04
2020-12-07,1165.84,447.44
2020-12-08,1143.52,425.11
2020-12-09,1151.52,433.12
2020-12-10,1143.48,425.08
2020-12-11,1136.38,417.98
2020-12-12,1154.35,435.95
2020-12-13,1165.82,447.41
2020-12-14,1166.2,447.8
2020-12-15,1169.17,450.77
2020-12-16,1211.08,492.68
2020-12-17,1235.07,516.67
2020-12-18,1242.71,524.31
2020-12-19,1254.81,536.41
2020-12-20,1244.08,525.67
2020-12-21,1224.87,506.47
2020-12-22,1249.12,530.72
2020-12-23,1227.15,508.75
2020-12-24,1241.67,523.27
2020-12-25,1260.57,542.17
2020-12-26,1290.79,572.39
2020-12-27,1299.74,581.33
2020-12-28,1323.66,605.26
2020-12-29,1328.79,610.38
2020-12-30,1356.97,638.57
2020-12-31,1353.68,635.27
2021-01-01,1358.05,639.65
2021-01-02,1413.7,695.3
2021-01-03,1478.58,760.18
2021-01-04,1479.14,760.74
2021-01-05,1524.31,805.91
2021-01-06,1595.74,877.34
2021-01-07,1641.08,922.67
2021-01-08,1656.81,938.41
2021-01-09,1664.3,945.9
2021-01-10,1628.8,910.4
2021-01-11,1543.56,825.16
2021-01-12,1513.23,794.83
2021-01-13,1584.92,866.52
2021-01-14,1638.36,919.96
2021-01-15,1585.11,866.7
2021-01-16,1588.76,870.36
2021-01-17,1587.37,868.97
2021-01-18,1606.43,888.03
2021-01-19,1622.39,903.99
2021-01-20,1618.84,900.44
2021-01-21,1479.38,760.97
2021-01-22,1542.89,824.49
2021-01-23,1529.76,811.35
2021-01-24,1573.27,854.87
2021-01-25,1554.07,835.67
2021-01-26,1569.69,851.28
2021-01-27,1504.71,786.31
2021-01-28,1574.24,855.84
2021-01-29,1600.7,882.3
2021-01-30,1600.5,882.1
2021-01-31,1565.65,847.25
2021-02-01,1588.13,869.73
2021-02-02,1653.36,934.96
2021-02-03,1725.7,1007.3
2021-02-04,1697.54,979.13
2021-02-05,1750.08,1031.68
2021-02-06,1752.95,1034.55
2021-02-07,1730.33,1011.93
2021-02-08,1882.85,1164.45
2021-02-09,1888.41,1170.01
2021-02-10,1856.25,1137.85
2021-02-11,1916.56,1198.16
2021-02-12,1920.03,1201.63
2021-02-13,1911.48,1193.08
2021-02-14,1929.74,1211.34
2021-02-15,1914.02,1195.62
2021-02-16,1933.6,1215.2
2021-02-17,1997.1,1278.7
2021-02-18,2011.34,1292.93
2021-02-19,2082.5,1364.1
2021-02-20,2070.74,1352.34
2021-02-21,2100.2,1381.8
2021-02-22,2008.97,1290.57
2021-02-23,1877.57,1159.17
2021-02-24,1901.35,1182.95
2021-02-25,1824.88,1106.48
2021-02-26,1803.05,1084.65
2021-02-27,1803.89,1085.49
2021-02-28,1778.92,1060.52
2021-03-01,1886.26,1167.86
2021-03-02,1847.27,1128.87
2021-03-03,1897.48,1179.07
2021-03-04,1859.68,1141.28
2021-03-05,1862.72,1144.31
2021-03-06,1896.0,1177.59
2021-03-07,1947.68,1229.28
2021-03-08,1996.77,1278.37
2021-03-09,2045.08,1326.68
2021-03-10,2040.7,1322.3
2021-03-11,2078.23,1359.82
2021-03-12,2054.42,1336.02
2021-03-13,2155.7,1437.3
2021-03-14,2102.4,1384.0
2021-03-15,2036.48,1318.07
2021-03-16,2059.46,1341.06
2021-03-17,2095.26,1376.86
2021-03-18,2063.56,1345.16
2021-03-19,2077.92,1359.52
2021-03-20,2078.27,1359.86
2021-03-21,2060.75,1342.35
2021-03-22,1983.51,835.11
2021-03-23,1988.29,966.88
2021-03-24,1962.23,121.19
2021-03-25,1964.29,251.24
2021-03-26,1946.18,269.34
2021-03-27,1943.13,272.4
2021-03-28,1945.19,270.34
2021-03-29,1930.55,284.98
2021-03-30,1925.92,289.61
2021-03-31,1919.89,295.64
2021-04-01,1916.06,148.54
2021-04-02,1928.41,318.74
2021-04-03,1923.27,303.99
2021-04-04,1925.7,312.23
2021-04-05,1925.87,317.1
2021-04-06,1929.13,314.6
2021-04-07,1922.46,297.63
2021-04-08,1926.39,312.3
2021-04-09,1925.15,311.38
2021-04-10,1926.33,320.79
2021-04-11,1927.16,322.8
2021-04-12,1926.43,321.36
2021-04-13,1929.71,182.77
2021-04-14,1937.91,406.88
2021-04-15,1945.06,414.04
2021-04-16,1931.61,400.58
2021-04-17,1918.75,387.73
2021-04-18,1898.87,177.72
2021-04-19,1892.95,171.8
2021-04-20,1906.37,185.23
2021-04-21,1908.52,187.37
2021-04-22,1911.77,190.62
2021-04-23,1909.34,188.2
2021-04-24,1897.1,175.95
2021-04-25,1905.62,184.47
2021-04-26,1922.48,201.33
2021-04-27,1933.09,211.94
2021-04-28,1939.62,218.47
2021-04-29,1940.32,219.17
2021-04-30,1941.54,220.39
2021-05-01,1955.24,234.09
2021-05-02,1955.62,234.47
2021-05-03,1993.9,272.75
2021-05-04,1978.63,257.48
2021-05-05,2001.31,280.16
2021-05-06,1998.56,277.42
2021-05-07,1997.75,276.6
2021-05-08,2031.99,310.85
2021-05-09,2033.08,311.93
2021-05-10,2034.83,313.68
2021-05-11,2052.92,331.77
2021-05-12,2025.07,303.93
2021-05-13,2016.17,423.14
2021-05-14,2044.12,451.97
2021-05-15,2017.98,410.01
2021-05-16,2013.69,404.03
2021-05-17,1996.92,111.84
2021-05-18,1996.06,200.75
2021-05-19,2037.04,159.77
2021-05-20,2018.32,178.49
2021-05-21,2035.81,161.0
2021-05-22,2038.95,157.86
2021-05-23,2051.47,145.34
2021-05-24,2026.0,170.81
2021-05-25,2025.68,171.13
2021-05-26,2018.5,178.31
2021-05-27,2024.16,172.65
2021-05-28,2040.39,156.42
2021-05-29,2046.7,150.12
2021-05-30,2041.15,155.66
2021-05-31,2028.41,168.4
2021-06-01,2031.77,165.04
2021-06-02,2027.6,169.21
2021-06-03,2019.23,177.58
2021-06-04,2029.95,166.86
2021-06-05,2034.99,161.82
2021-06-06,2032.0,164.81
2021-06-07,2040.98,155.83
2021-06-08,2043.7,153.11
2021-06-09,2030.64,166.17
2021-06-10,2036.21,160.6
2021-06-11,2037.67,159.14
2021-06-12,2041.81,155.0
2021-06-13,2029.16,167.65
2021-06-14,2023.4,173.41
2021-06-15,2025.35,171.46
2021-06-16,2034.68,162.13
2021-06-17,2035.2,161.61
2021-06-18,2044.77,152.04
2021-06-19,2047.5,149.31
2021-06-20,2045.09,151.72
2021-06-21,2064.96,131.85
2021-06-22,2062.81,134.0
2021-06-23,2057.42,139.39
2021-06-24,2054.32,142.49
2021-06-25,2067.08,129.73
2021-06-26,2064.72,132.09
2021-06-27,2054.42,142.39
2021-06-28,2052.2,144.61
2021-06-29,2046.39,150.42
2021-06-30,2045.65,151.16
2021-07-01,2054.15,142.66
2021-07-02,2052.15,144.66
2021-07-03,2047.92,148.89
2021-07-04,2043.76,153.05
2021-07-05,2051.25,145.56
2021-07-06,2046.51,150.3
2021-07-07,2047.59,149.22
2021-07-08,2055.5,141.31
2021-07-09,2052.26,144.55
2021-07-10,2054.04,142.77
2021-07-11,2051.3,145.51
2021-07-12,2057.24,139.57
2021-07-13,2060.61,136.2
2021-07-14,2058.92,137.9
2021-07-15,2063.35,133.46
2021-07-16,2065.78,131.03
2021-07-17,2064.81,132.0
2021-07-18,2064.36,132.45
2021-07-19,2068.73,128.08
2021-07-20,2072.3,124.51
2021-07-21,2060.63,136.18
2021-07-22,2059.48,137.33
2021-07-23,2053.34,143.47
2021-07-24,2050.11,146.7
2021-07-25,2047.0,58.84
2021-07-26,2056.14,269.74
2021-07-27,2066.73,284.18
2021-07-28,2069.86,287.38
2021-07-29,2067.64,289.57
2021-07-30,2077.8,237.88
2021-07-31,2078.0,403.65
2021-08-01,2070.55,396.19
2021-08-02,2070.06,395.7
2021-08-03,2058.18,383.83
2021-08-04,2081.21,406.86
2021-08-05,2094.5,420.14
2021-08-06,2109.96,435.61
2021-08-07,2137.79,463.44
2021-08-08,2123.44,449.08
2021-08-09,2147.28,472.92
2021-08-10,2142.25,467.89
2021-08-11,2143.09,468.74
2021-08-12,2129.14,454.78
2021-08-13,2166.86,492.51
2021-08-14,2158.77,484.41
2021-08-15,2161.18,486.83
2021-08-16,2144.36,470.0
2021-08-17,2128.51,454.15
2021-08-18,2128.75,454.4
2021-08-19,2151.72,477.37
2021-08-20,2172.92,498.57
2021-08-21,2165.98,491.63
2021-08-22,2169.31,494.96
2021-08-23,2176.31,501.96
2021-08-24,2155.96,481.61
2021-08-25,2167.07,492.71
2021-08-26,2146.09,471.73
2021-08-27,2170.74,496.38
2021-08-28,2167.81,493.45
2021-08-29,2165.68,491.32
2021-08-30,2156.03,481.68
2021-08-31,2170.1,495.74
2021-09-01,2206.43,532.08
2021-09-02,2206.14,531.78
2021-09-03,2220.61,546.25
2021-09-04,2216.6,542.25
2021-09-05,2231.33,556.98
2021-09-06,2234.86,560.51
2021-09-07,2169.12,494.77
2021-09-08,2168.85,494.5
2021-09-09,2165.83,491.48
2021-09-10,2142.62,468.27
2021-09-11,2148.36,474.0
2021-09-12,2162.36,488.0
2021-09-13,2148.26,473.91
2021-09-14,2170.51,496.15
2021-09-15,2188.23,513.87
2021-09-16,2183.01,508.65
2021-09-17,2169.25,494.89
2021-09-18,2177.25,502.89
2021-09-19,2164.14,489.78
2021-09-20,2116.06,0.0
2021-09-21,2134.25,290.26
2021-09-22,2109.15,315.36
2021-09-23,2100.33,324.18
2021-09-24,2118.54,305.97
2021-09-25,2119.42,305.09
2021-09-26,2111.52,312.99
2021-09-27,2121.49,303.02
2021-09-28,2131.35,293.15
2021-09-29,2127.31,297.2
2021-09-30,2111.18,313.33
2021-10-01,2079.53,139.82
2021-10-02,2076.24,143.11
2021-10-03,2074.97,144.37
2021-10-04,2076.3,143.04
2021-10-05,2070.7,0.0
2021-10-06,2085.62,219.16
2021-10-07,2079.56,213.09
2021-10-08,2080.22,213.75
2021-10-09,2084.18,217.71
2021-10-10,2083.02,216.56
2021-10-11,2094.17,227.7
2021-10-12,2088.32,221.86
2021-10-13,2093.75,227.29
2021-10-14,2093.68,227.21
2021-10-15,2114.26,428.63
2021-10-16,2109.25,423.61
2021-10-17,2112.64,427.0
2021-10-18,2109.69,424.06
2021-10-19,2124.98,439.35
2021-10-20,2145.33,459.7
2021-10-21,2125.09,439.46
2021-10-22,2115.28,429.65
2021-10-23,2126.94,441.3
2021-10-24,2121.17,435.54
2021-10-25,2136.57,450.94
2021-10-26,2121.44,435.81
2021-10-27,2103.53,186.81
2021-10-28,2113.19,410.74
2021-10-29,2113.8,422.79
2021-10-30,2110.56,416.86
2021-10-31,2110.78,413.27
2021-11-01,2113.64,413.47
2021-11-02,2118.65,434.23
2021-11-03,2120.39,433.77
2021-11-04,2122.13,425.26
2021-11-05,2120.93,420.94
2021-11-06,2121.19,424.84
2021-11-07,2119.55,435.49
2021-11-08,2114.12,229.01
2021-11-09,2108.05,468.5
2021-11-10,2095.62,456.07
2021-11-11,2099.53,459.98
2021-11-12,2094.61,455.06
2021-11-13,2094.53,454.99
2021-11-14,2097.82,458.28
2021-11-15,2087.89,448.34
2021-11-16,2057.52,0.0
2021-11-17,2053.92,182.77
2021-11-18,2066.32,170.37
2021-11-19,2049.45,377.54
2021-11-20,2038.9,388.09
2021-11-21,2049.09,377.9
2021-11-22,2064.39,362.6
2021-11-23,2049.25,377.74
2021-11-24,2053.59,373.4
2021-11-25,2036.6,390.39
2021-11-26,2074.75,352.24
2021-11-27,2069.11,357.88
2021-11-28,2052.05,374.94
2021-11-29,2043.99,383.0
2021-11-30,2038.84,388.15
2021-12-01,2040.07,386.92
2021-12-02,2045.49,381.5
2021-12-03,2067.73,359.26
2021-12-04,2086.83,340.16
2021-12-05,2082.63,344.35
2021-12-06,2072.69,354.3
2021-12-07,2073.95,353.04
2021-12-08,2068.78,358.21
2021-12-09,2092.7,334.28
2021-12-10,2102.91,324.07
2021-12-11,2087.22,339.77
2021-12-12,2083.26,343.73
2021-12-13,2109.33,317.66
2021-12-14,2100.55,326.44
2021-12-15,2091.97,335.01
2021-12-16,2098.7,328.29
2021-12-17,2107.26,319.73
2021-12-18,2101.3,325.69
2021-12-19,2103.34,323.65
2021-12-20,2101.68,325.31
2021-12-21,2092.1,334.89
2021-12-22,2094.59,332.4
2021-12-23,2081.43,345.56
2021-12-24,2084.26,342.73
2021-12-25,2083.6,343.38
2021-12-26,2083.68,343.31
2021-12-27,2085.05,341.94
2021-12-28,2106.05,320.94
2021-12-29,2116.59,310.4
2021-12-30,2111.02,315.97
2021-12-31,2115.46,311.53
2022-01-01,2106.61,320.38
2022-01-02,2105.4,321.59
2022-01-03,2110.87,316.12
2022-01-04,2112.11,314.88
2022-01-05,2130.5,296.48
2022-01-06,2137.44,289.54
2022-01-07,2151.37,275.62
2022-01-08,2156.03,270.96
2022-01-09,2152.39,274.6
2022-01-10,2155.48,271.51
2022-01-11,2145.75,281.24
2022-01-12,2136.21,290.78
2022-01-13,2146.28,280.71
2022-01-14,2141.76,285.23
2022-01-15,2140.88,286.11
2022-01-16,2140.03,286.95
2022-01-17,2148.8,278.19
2022-01-18,2150.42,276.57
2022-01-19,2155.97,271.02
2022-01-20,2162.77,264.22
2022-01-21,2195.43,231.56
2022-01-22,2206.68,220.31
2022-01-23,2197.34,229.65
2022-01-24,2200.2,226.79
2022-01-25,2198.37,228.62
2022-01-26,2198.69,228.3
2022-01-27,2199.17,227.82
2022-01-28,2192.16,234.83
2022-01-29,2188.24,238.75
2022-01-30,2189.19,237.8
2022-01-31,2183.59,243.4
2022-02-01,2178.55,248.43
2022-02-02,2189.12,237.87
2022-02-03,2187.1,239.89
2022-02-04,2160.05,266.94
2022-02-05,2159.94,267.05
2022-02-06,2154.79,272.2
2022-02-07,2146.14,133.84
2022-02-08,2147.8,349.31
2022-02-09,2144.0,356.35
2022-02-10,2146.99,344.73
2022-02-11,2147.66,333.04
2022-02-12,2147.26,331.91
2022-02-13,2148.49,329.07
2022-02-14,2148.36,333.93
2022-02-15,2147.42,354.62
2022-02-16,2146.73,348.72
2022-02-17,2139.75,123.27
2022-02-18,2146.96,319.61
2022-02-19,2147.11,319.46
2022-02-20,2161.66,304.91
2022-02-21,2170.9,295.67
2022-02-22,2161.84,304.73
2022-02-23,2169.18,297.39
2022-02-24,2163.06,303.51
2022-02-25,2151.23,315.34
2022-02-26,2151.27,315.3
2022-02-27,2165.34,301.23
2022-02-28,2124.9,341.67
2022-03-01,2116.19,350.38
2022-03-02,2120.09,346.48
2022-03-03,2132.16,334.41
2022-03-04,2157.82,308.75
2022-03-05,2154.73,311.84
2022-03-06,2164.5,302.07
2022-03-07,2169.25,297.33
2022-03-08,2161.89,304.68
2022-03-09,2139.3,327.27
2022-03-10,2157.1,309.47
2022-03-11,2162.71,303.86
2022-03-12,2161.81,304.76
2022-03-13,2169.26,297.31
2022-03-14,2156.59,309.99
2022-03-15,2157.35,309.23
2022-03-16,2141.47,325.11
2022-03-17,2140.83,325.74
2022-03-18,2131.19,335.38
2022-03-19,2128.45,338.12
2022-03-20,2136.99,329.58
2022-03-21,2137.07,329.5
2022-03-22,2126.83,339.74
2022-03-23,2121.39,345.18
2022-03-24,2112.27,0.0
2022-03-25,2112.75,440.07
2022-03-26,2116.63,443.95
2022-03-27,2138.88,466.2
2022-03-28,2142.9,470.22
2022-03-29,2149.03,476.35
2022-03-30,2146.11,473.43
2022-03-31,2130.95,458.27
2022-04-01,2146.53,473.85
2022-04-02,2143.27,470.59
2022-04-03,2151.59,478.91
2022-04-04,2152.35,479.67
2022-04-05,2139.17,466.49
2022-04-06,2110.73,209.29
2022-04-07,2112.73,453.75
2022-04-08,2117.03,444.85
2022-04-09,2118.62,452.0
2022-04-10,2118.25,445.03
2022-04-11,2117.76,218.9
2022-04-12,2111.26,423.51
2022-04-13,2099.28,435.48
2022-04-14,2112.37,422.4
2022-04-15,2107.76,427.01
2022-04-16,2107.47,427.3
2022-04-17,2116.09,418.68
2022-04-18,2105.38,429.39
2022-04-19,2098.47,436.3
2022-04-20,2100.93,433.84
2022-04-21,2111.95,422.82
2022-04-22,2117.63,417.14
2022-04-23,2121.07,413.7
2022-04-24,2121.82,412.95
2022-04-25,2110.72,424.05
2022-04-26,2136.64,398.13
2022-04-27,2125.14,409.63
2022-04-28,2119.14,415.63
2022-04-29,2133.47,401.3
2022-04-30,2144.84,389.93
2022-05-01,2133.66,401.11
2022-05-02,2131.23,403.53
2022-05-03,2140.63,394.14
2022-05-04,2119.18,415.58
2022-05-05,2149.38,385.38
2022-05-06,2156.04,378.73
2022-05-07,2162.87,371.9
2022-05-08,2178.51,356.26
2022-05-09,2219.83,314.93
2022-05-10,2207.07,327.7
2022-05-11,2234.78,299.99
2022-05-12,2243.5,291.27
2022-05-13,2238.78,295.99
2022-05-14,2231.23,303.53
2022-05-15,2218.44,316.33
2022-05-16,2234.6,300.17
2022-05-17,2226.97,307.8
2022-05-18,2248.24,286.53
2022-05-19,2232.41,302.36
2022-05-20,2242.62,292.14
2022-05-21,2240.21,294.56
2022-05-22,2230.97,303.8
2022-05-23,2242.18,292.58
2022-05-24,2238.76,296.01
2022-05-25,2241.83,292.94
2022-05-26,2253.73,281.04
2022-05-27,2261.22,273.55
2022-05-28,2254.67,280.1
2022-05-29,2250.83,283.94
2022-05-30,2225.95,308.82
2022-05-31,2229.37,305.4
2022-06-01,2248.67,286.1
2022-06-02,2244.02,290.75
2022-06-03,2252.11,282.66
2022-06-04,2249.24,285.53
2022-06-05,2248.82,285.94
2022-06-06,2237.2,297.57
2022-06-07,2241.67,293.1
2022-06-08,2248.2,286.57
2022-06-09,2248.93,285.84
2022-06-10,2262.95,271.82
2022-06-11,2275.3,259.47
2022-06-12,2292.07,242.69
2022-06-13,2329.69,205.08
2022-06-14,2331.69,203.07
2022-06-15,2327.31,207.46
2022-06-16,2350.65,184.12
2022-06-17,2349.05,185.72
2022-06-18,2363.46,171.31
2022-06-19,2345.7,189.07
2022-06-20,2345.72,189.05
2022-06-21,2345.05,189.72
2022-06-22,2354.16,180.61
2022-06-23,2341.65,193.12
2022-06-24,2335.6,199.17
2022-06-25,2333.04,201.73
2022-06-26,2338.52,196.25
2022-06-27,2340.5,194.26
2022-06-28,2346.28,188.48
2022-06-29,2350.08,184.69
2022-06-30,2353.03,181.74
2022-07-01,2357.44,177.32
2022-07-02,2357.11,177.66
2022-07-03,2356.28,178.49
2022-07-04,2346.07,188.7
2022-07-05,2347.64,187.13
2022-07-06,2341.89,192.88
2022-07-07,2332.62,202.15
2022-07-08,2334.35,200.42
2022-07-09,2334.17,200.6
2022-07-10,2341.45,193.32
2022-07-11,2351.22,183.55
2022-07-12,2358.58,176.19
2022-07-13,2348.48,186.29
2022-07-14,2341.29,193.47
2022-07-15,2337.44,197.33
2022-07-16,2327.03,117.37
2022-07-17,2327.17,258.5
2022-07-18,2344.07,293.5
2022-07-19,2334.46,165.13
2022-07-20,2330.41,365.12
2022-07-21,2335.56,370.27
2022-07-22,2327.18,361.9
2022-07-23,2326.58,361.3
2022-07-24,2332.95,367.67
2022-07-25,2305.11,339.82
2022-07-26,2305.51,340.22
2022-07-27,2340.27,374.99
2022-07-28,2357.53,392.24
2022-07-29,2356.62,391.34
2022-07-30,2352.85,387.56
2022-07-31,2347.78,382.49
2022-08-01,2342.43,377.15
2022-08-02,2340.06,374.78
2022-08-03,2337.22,371.94
2022-08-04,2334.43,369.14
2022-08-05,2354.23,388.94
2022-08-06,2346.16,380.87
2022-08-07,2349.1,383.82
2022-08-08,2362.87,397.58
2022-08-09,2349.17,383.88
2022-08-10,2372.32,407.03
2022-08-11,2374.99,409.71
2022-08-12,2387.44,422.15
2022-08-13,2390.47,425.19
2022-08-14,2384.12,418.84
2022-08-15,2378.41,413.13
2022-08-16,2373.92,408.64
2022-08-17,2364.92,399.64
2022-08-18,2364.9,399.62
2022-08-19,2318.44,0.0
2022-08-20,2317.81,371.5
2022-08-21,2309.87,379.44
2022-08-22,2310.46,378.85
2022-08-23,2305.23,384.08
2022-08-24,2307.76,381.55
2022-08-25,2302.1,387.21
2022-08-26,2333.68,355.63
2022-08-27,2337.44,351.86
2022-08-28,2348.61,340.7
2022-08-29,2329.07,360.24
2022-08-30,2336.63,352.68
2022-08-31,2331.32,357.99
2022-09-01,2327.42,361.89
2022-09-02,2330.33,358.98
2022-09-03,2333.29,356.02
2022-09-04,2329.45,359.86
2022-09-05,2327.93,361.38
2022-09-06,2344.07,345.24
2022-09-07,2332.05,357.26
2022-09-08,2331.26,358.05
2022-09-09,2301.99,387.32
2022-09-10,2293.48,227.07
2022-09-11,2290.44,421.86
2022-09-12,2278.81,187.49
2022-09-13,2234.81,426.83
2022-09-14,2242.09,178.97
2022-09-15,2223.75,0.0
2022-09-16,2227.33,139.84
2022-09-17,2223.92,143.24
2022-09-18,2237.02,130.14
2022-09-19,2232.97,134.19
2022-09-20,2238.15,129.01
2022-09-21,2245.67,121.49
2022-09-22,2237.8,129.36
2022-09-23,2237.73,129.44
2022-09-24,2238.71,128.45
2022-09-25,2240.91,126.25
2022-09-26,2236.86,130.31
2022-09-27,2237.65,129.51
2022-09-28,2236.76,130.41
2022-09-29,2236.9,130.26
2022-09-30,2237.58,129.58
2022-10-01,2239.23,127.93
2022-10-02,2242.65,124.51
2022-10-03,2238.13,129.03
2022-10-04,2234.39,132.77
2022-10-05,2235.29,131.87
2022-10-06,2235.31,131.86
2022-10-07,2237.35,129.81
2022-10-08,2238.87,128.29
2022-10-09,2238.13,129.03
2022-10-10,2241.36,125.81
2022-10-11,2242.32,124.84
2022-10-12,2240.93,126.24
2022-10-13,2241.64,125.52
2022-10-14,2240.75,126.41
2022-10-15,2242.83,124.33
2022-10-16,2239.8,127.36
2022-10-17,2237.32,129.84
2022-10-18,2239.34,127.82
2022-10-19,2241.84,125.32
2022-10-20,2242.08,125.08
2022-10-21,2240.41,126.75
2022-10-22,2239.06,128.11
2022-10-23,2234.12,133.04
2022-10-24,2236.13,131.03
2022-10-25,2224.66,0.0
2022-10-26,2242.39,266.51
2022-10-27,2224.94,601.05
2022-10-28,2236.83,612.94
2022-10-29,2251.6,627.71
2022-10-30,2243.57,619.68
2022-10-31,2238.23,614.34
2022-11-01,2239.1,615.21
2022-11-02,2223.25,599.36
2022-11-03,2226.35,602.46
2022-11-04,2261.63,637.74
2022-11-05,2261.15,637.26
2022-11-06,2244.5,620.61
2022-11-07,2239.15,615.26
2022-11-08,2164.05,0.0
2022-11-09,2223.58,330.52
2022-11-10,2179.7,374.4
2022-11-11,2187.7,366.39
2022-11-12,2194.65,359.44
2022-11-13,2204.93,349.16
2022-11-14,2198.72,355.37
2022-11-15,2193.96,360.13
2022-11-16,2201.21,352.88
2022-11-17,2202.6,351.49
2022-11-18,2201.13,352.96
2022-11-19,2200.55,353.54
2022-11-20,2214.5,339.59
2022-11-21,2224.89,329.2
2022-11-22,2215.48,338.61
2022-11-23,2205.55,348.54
2022-11-24,2203.44,350.65
2022-11-25,2204.94,349.16
2022-11-26,2205.05,349.04
2022-11-27,2206.76,347.34
2022-11-28,2212.49,341.6
2022-11-29,2204.03,350.06
2022-11-30,2185.91,368.19
2022-12-01,2190.35,363.74
2022-12-02,2186.7,367.39
2022-12-03,2195.59,358.5
2022-12-04,2188.35,365.74
2022-12-05,2192.41,361.68
2022-12-06,2189.48,364.61
2022-12-07,2197.27,356.82
2022-12-08,2186.73,367.36
2022-12-09,2189.89,364.2
2022-12-10,2189.54,364.55
2022-12-11,2190.47,363.63
2022-12-12,2187.46,366.64
2022-12-13,2174.66,0.0
2022-12-14,2171.9,615.42
2022-12-15,2154.99,598.5
2022-12-16,2120.65,0.0
2022-12-17,2113.78,512.81
2022-12-18,2115.18,511.4
2022-12-19,2123.34,503.25
2022-12-20,2106.57,520.01
2022-12-21,2108.43,518.16
2022-12-22,2107.83,518.75
2022-12-23,2108.26,518.33
2022-12-24,2107.11,519.48
2022-12-25,2107.5,519.09
2022-12-26,2104.26,522.33
2022-12-27,2111.02,515.57
2022-12-28,2117.57,509.01
2022-12-29,2114.23,512.35
2022-12-30,2114.8,511.78
2022-12-31,2116.67,509.92
2023-01-01,2114.57,512.01
2023-01-02,2111.24,515.35
2023-01-03,2111.1,515.48
2023-01-04,2100.74,525.84
2023-01-05,2102.04,524.55
2023-01-06,2096.82,529.76
2023-01-07,2097.8,528.79
2023-01-08,2089.45,0.0
2023-01-09,2098.71,987.31
2023-01-10,2112.33,1000.93
2023-01-11,2145.71,1034.31
2023-01-12,2184.89,1073.48
2023-01-13,2232.9,1121.5
2023-01-14,2297.72,1186.32
2023-01-15,2295.61,1184.21
2023-01-16,2313.75,1202.34
2023-01-17,2308.61,1197.21
2023-01-18,2276.68,1165.28
2023-01-19,2302.12,1190.71
2023-01-20,2389.31,1277.9
2023-01-21,2383.87,1272.47
2023-01-22,2381.48,1270.08
2023-01-23,2388.37,1276.96
2023-01-24,2357.66,1246.25
2023-01-25,2389.11,1277.71
2023-01-26,2384.11,1272.71
2023-01-27,2385.31,1273.91
2023-01-28,2375.95,1264.55
2023-01-29,2422.45,1311.05
2023-01-30,2367.39,1255.99
2023-01-31,2383.43,1272.03
2023-02-01,2421.21,1309.81
2023-02-02,2413.2,1301.8
2023-02-03,2417.28,1305.88
2023-02-04,2414.49,1303.09
2023-02-05,2389.75,1278.35
2023-02-06,2379.47,1268.07
2023-02-07,2412.88,1301.48
2023-02-08,2397.15,1285.75
2023-02-09,2324.39,459.01
2023-02-10,2316.22,324.81
2023-02-11,2308.23,574.03
2023-02-12,2313.2,569.06
2023-02-13,2314.88,567.39
2023-02-14,2300.42,581.84
2023-02-15,2248.85,0.0
2023-02-16,2237.27,323.52
2023-02-17,2251.74,337.99
2023-02-18,2252.6,338.85
2023-02-19,2247.64,333.89
2023-02-20,2255.49,341.74
2023-02-21,2250.12,336.37
2023-02-22,2246.41,332.66
2023-02-23,2243.08,329.33
2023-02-24,2232.7,318.95
2023-02-25,2232.31,318.56
2023-02-26,2237.78,324.03
2023-02-27,2236.92,323.17
2023-02-28,2232.09,318.34
2023-03-01,2238.8,325.05
2023-03-02,2236.55,322.8
2023-03-03,2220.8,0.0
2023-03-04,2220.49,269.54
2023-03-05,2219.48,270.55
2023-03-06,2219.73,270.31
2023-03-07,2222.29,267.75
2023-03-08,2228.23,261.81
2023-03-09,2261.27,506.51
2023-03-10,2265.79,501.99
2023-03-11,2253.85,513.93
2023-03-12,2215.59,552.19
2023-03-13,2172.85,290.86
2023-03-14,2165.84,0.0
2023-03-15,2154.91,448.49
2023-03-16,2164.76,458.34
2023-03-17,2202.66,496.24
2023-03-18,2194.02,487.6
2023-03-19,2206.89,500.48
2023-03-20,2198.07,491.65
2023-03-21,2210.9,504.48
2023-03-22,2193.93,487.51
2023-03-23,2214.36,507.94
2023-03-24,2197.87,491.46
2023-03-25,2196.92,490.5
2023-03-26,2205.94,499.52
2023-03-27,2190.18,483.76
2023-03-28,2199.22,492.8
2023-03-29,2212.07,505.65
2023-03-30,2209.15,502.73
2023-03-31,2216.98,510.56
2023-04-01,2216.77,510.35
2023-04-02,2210.61,504.19
2023-04-03,2209.29,502.87
2023-04-04,2220.75,514.33
2023-04-05,2225.95,519.53
2023-04-06,2219.8,513.38
2023-04-07,2217.44,511.02
2023-04-08,2215.74,509.32
2023-04-09,2220.69,514.27
2023-04-10,2239.84,533.42
2023-04-11,2242.36,535.94
2023-04-12,2243.15,536.73
2023-04-13,2260.41,553.99
2023-04-14,2273.11,566.69
2023-04-15,2270.24,563.82
2023-04-16,2274.1,567.68
2023-04-17,2259.94,553.52
2023-04-18,2272.77,566.35
2023-04-19,2235.17,528.75
2023-04-20,2231.25,524.83
2023-04-21,2208.67,0.0
2023-04-22,2198.73,537.8
2023-04-23,2202.7,533.83
2023-04-24,2206.18,530.35
2023-04-25,2194.7,541.83
2023-04-26,2193.51,543.03
2023-04-27,2176.49,249.85
2023-04-28,2178.81,247.52
2023-04-29,2176.61,249.73
2023-04-30,2181.54,244.8
2023-05-01,2186.69,239.64
2023-05-02,2181.54,244.79
2023-05-03,2176.96,249.38
2023-05-04,2180.63,245.71
2023-05-05,2165.41,260.92
2023-05-06,2178.11,248.23
2023-05-07,2181.5,244.84
2023-05-08,2184.49,241.85
2023-05-09,2184.63,241.71
2023-05-10,2185.37,240.97
2023-05-11,2191.46,234.87
2023-05-12,2189.74,236.6
2023-05-13,2191.36,234.98
2023-05-14,2190.82,235.52
2023-05-15,2188.6,237.74
2023-05-16,2187.55,238.79
2023-05-17,2187.82,238.52
2023-05-18,2190.64,235.69
2023-05-19,2189.1,237.23
2023-05-20,2188.18,238.16
2023-05-21,2190.07,236.26
2023-05-22,2188.45,237.89
2023-05-23,2183.64,242.7
2023-05-24,2190.73,235.61
2023-05-25,2187.67,568.96
2023-05-26,2181.85,574.78
2023-05-27,2179.71,576.92
2023-05-28,2153.59,0.0
2023-05-29,2150.14,345.3
2023-05-30,2151.6,346.75
2023-05-31,2146.68,341.84
2023-06-01,2144.52,339.67
2023-06-02,2152.71,347.87
2023-06-03,2150.04,345.2
2023-06-04,2149.67,344.82
2023-06-05,2135.16,330.32
2023-06-06,2129.51,682.86
2023-06-07,2131.02,662.19
2023-06-08,2131.5,666.63
2023-06-09,2130.8,665.41
2023-06-10,2122.03,321.72
2023-06-11,2120.33,618.88
2023-06-12,2122.31,616.9
2023-06-13,2122.36,616.85
2023-06-14,2147.45,591.76
2023-06-15,2138.9,600.31
2023-06-16,2120.99,618.21
2023-06-17,2117.19,622.02
2023-06-18,2120.55,618.66
2023-06-19,2111.54,627.67
2023-06-20,2083.69,302.73
2023-06-21,2085.2,332.88
2023-06-22,2083.99,331.67
2023-06-23,2092.91,340.59
2023-06-24,2091.12,338.8
2023-06-25,2090.41,338.08
2023-06-26,2088.24,335.92
2023-06-27,2092.96,340.63
2023-06-28,2086.13,333.8
2023-06-29,2090.23,337.91
2023-06-30,2090.51,338.18
2023-07-01,2091.77,339.45
2023-07-02,2092.12,339.79
2023-07-03,2098.1,345.78
2023-07-04,2093.78,341.45
2023-07-05,2090.87,338.55
2023-07-06,2084.11,331.78
2023-07-07,2089.1,336.77
2023-07-08,2088.43,336.1
2023-07-09,2087.05,334.73
2023-07-10,2089.84,337.51
2023-07-11,2092.17,339.85
2023-07-12,2089.49,337.16
2023-07-13,2101.41,349.08
2023-07-14,2077.12,659.55
2023-07-15,2075.8,658.23
2023-07-16,2073.61,656.04
2023-07-17,2070.74,653.18
2023-07-18,2065.32,647.75
2023-07-19,2064.44,646.88
2023-07-20,2063.72,646.16
2023-07-21,2064.88,647.31
2023-07-22,2059.01,330.66
2023-07-23,2062.22,333.87
2023-07-24,2051.67,0.0
2023-07-25,2048.47,727.52
2023-07-26,2044.19,731.8
2023-07-27,2047.88,728.12
2023-07-28,2044.28,731.71
2023-07-29,2042.6,733.39
2023-07-30,2047.02,728.97
2023-07-31,2048.71,727.28
2023-08-01,2039.3,736.69
2023-08-02,2052.34,723.65
2023-08-03,2053.0,722.99
2023-08-04,2055.08,720.91
2023-08-05,2054.46,721.53
2023-08-06,2055.41,720.59
2023-08-07,2054.03,721.97
2023-08-08,2041.66,734.33
2023-08-09,2044.29,731.7
2023-08-10,2046.48,729.51
2023-08-11,2047.54,728.45
2023-08-12,2047.29,728.71
2023-08-13,2050.65,725.34
2023-08-14,2048.1,727.89
2023-08-15,2054.19,721.8
2023-08-16,2064.26,711.73
2023-08-17,2115.29,660.7
2023-08-18,2126.43,649.56
2023-08-19,2124.33,651.67
2023-08-20,2120.25,655.74
2023-08-21,2124.37,651.62
2023-08-22,2131.36,644.63
2023-08-23,2118.13,657.86
2023-08-24,2124.87,651.13
2023-08-25,2127.8,648.19
2023-08-26,2129.62,646.37
2023-08-27,2126.42,649.58
2023-08-28,2127.16,648.84
2023-08-29,2092.1,683.89
2023-08-30,2102.04,673.95
2023-08-31,2130.86,645.13
2023-09-01,2135.73,640.26
2023-09-02,2133.42,642.58
2023-09-03,2132.31,643.68
2023-09-04,2135.2,640.8
2023-09-05,2134.91,641.09
2023-09-06,2135.57,640.43
2023-09-07,2126.32,649.67
2023-09-08,2132.99,643.0
2023-09-09,2133.27,642.72
2023-09-10,2137.43,638.56
2023-09-11,2158.51,617.48
2023-09-12,2142.01,633.98
2023-09-13,2134.3,641.7
2023-09-14,2126.86,649.13
2023-09-15,2123.09,652.9
2023-09-16,2124.9,651.09
2023-09-17,2127.54,648.45
2023-09-18,2121.83,654.16
2023-09-19,2114.79,661.2
2023-09-20,2119.79,656.21
2023-09-21,2134.19,641.8
2023-09-22,2132.33,643.66
2023-09-23,2132.24,643.75
2023-09-24,2138.97,637.03
2023-09-25,2136.81,639.18
2023-09-26,2136.84,639.16
2023-09-27,2134.0,641.99
2023-09-28,2115.41,660.58
2023-09-29,2114.21,661.78
2023-09-30,2112.84,663.15
2023-10-01,2087.0,0.0
2023-10-02,2060.7,840.69
2023-10-03,2058.29,838.28
2023-10-04,2061.58,841.57
2023-10-05,2046.78,445.98
2023-10-06,2055.26,454.45
2023-10-07,2055.67,454.87
2023-10-08,2055.03,454.22
2023-10-09,2049.71,448.9
2023-10-10,2048.68,790.25
2023-10-11,2039.82,344.44
2023-10-12,2046.96,746.61
2023-10-13,2042.64,750.93
2023-10-14,2042.18,751.4
2023-10-15,2036.96,756.62
2023-10-16,2006.82,351.59
2023-10-17,2014.39,344.03
2023-10-18,2014.73,343.68
2023-10-19,2014.05,344.37
2023-10-20,2005.84,352.57
2023-10-21,2000.34,358.08
2023-10-22,1992.69,365.72
2023-10-23,1969.94,0.0
2023-10-24,1980.25,635.87
2023-10-25,1985.77,641.39
2023-10-26,1985.73,641.35
2023-10-27,1978.94,634.55
2023-10-28,1980.02,635.64
2023-10-29,1987.53,643.15
2023-10-30,1989.67,645.29
2023-10-31,1992.19,647.81
2023-11-01,2005.2,660.82
2023-11-02,1992.3,647.91
2023-11-03,1996.25,651.86
2023-11-04,2003.59,659.21
2023-11-05,2009.89,665.51
2023-11-06,2011.92,667.54
2023-11-07,2012.14,667.76
2023-11-08,2014.69,670.31
2023-11-09,2067.82,723.44
2023-11-10,2065.04,720.66
2023-11-11,2058.93,714.54
2023-11-12,2056.75,712.37
2023-11-13,2053.06,708.68
2023-11-14,2031.07,686.68
2023-11-15,2066.42,722.03
2023-11-16,2033.24,688.86
2023-11-17,2037.08,692.7
2023-11-18,2037.01,692.63
2023-11-19,2053.19,708.81
2023-11-20,2055.84,711.46
2023-11-21,2024.11,679.73
2023-11-22,2063.28,718.9
2023-11-23,2062.08,717.7
2023-11-24,2069.3,724.92
2023-11-25,2070.32,725.94
2023-11-26,2063.47,719.09
2023-11-27,2055.14,710.76
2023-11-28,2064.13,719.75
2023-11-29,2060.85,716.47
2023-11-30,2064.0,719.62
2023-12-01,2079.14,734.76
2023-12-02,2100.46,756.07
2023-12-03,2110.38,766.0
2023-12-04,2137.81,793.42
2023-12-05,2165.71,821.33
2023-12-06,2151.62,807.24
2023-12-07,2170.22,825.83
2023-12-08,2178.79,834.41
2023-12-09,2171.3,826.92
2023-12-10,2174.2,829.82
2023-12-11,2127.82,783.43
2023-12-12,2125.91,781.52
2023-12-13,2148.77,804.39
2023-12-14,2160.44,816.05
2023-12-15,2133.08,788.7
2023-12-16,2137.68,793.3
2023-12-17,2123.56,779.18
2023-12-18,2139.29,794.91
2023-12-19,2128.13,783.75
2023-12-20,2145.09,800.71
2023-12-21,2153.8,809.42
2023-12-22,2170.61,826.22
2023-12-23,2165.17,820.79
2023-12-24,2150.59,806.21
2023-12-25,2157.17,812.79
2023-12-26,2140.1,795.71
2023-12-27,2175.83,831.45
2023-12-28,2161.72,817.34
2023-12-29,2148.9,804.52
2023-12-30,2148.15,803.77
2023-12-31,2147.6,803.22
2024-01-01,2177.62,833.24
2024-01-02,2185.08,840.7
2024-01-03,2139.15,794.77
2024-01-04,2161.51,817.13
2024-01-05,2161.77,817.39
2024-01-06,2154.97,810.59
2024-01-07,2151.0,806.62
2024-01-08,2198.32,853.94
2024-01-09,2193.4,849.02
2024-01-10,2243.06,898.68
2024-01-11,2246.53,902.15
2024-01-12,2196.97,852.59
2024-01-13,2207.94,863.56
2024-01-14,2178.33,833.95
2024-01-15,2192.54,848.16
2024-01-16,2212.25,867.86
2024-01-17,2198.34,853.96
2024-01-18,2173.78,461.12
2024-01-19,2175.62,688.28
2024-01-20,2171.69,684.75
2024-01-21,2169.52,681.34
2024-01-22,2153.0,212.01
2024-01-23,2157.83,431.2
2024-01-24,2157.57,431.47
2024-01-25,2159.82,429.22
2024-01-26,2145.08,443.95
2024-01-27,2143.47,445.57
2024-01-28,2145.02,444.02
2024-01-29,2132.32,456.72
2024-01-30,2131.79,457.24
2024-01-31,2139.53,449.51
2024-02-01,2134.79,454.25
2024-02-02,2133.7,455.34
2024-02-03,2135.93,453.11
2024-02-04,2138.87,450.17
2024-02-05,2137.03,452.01
2024-02-06,2128.07,460.96
2024-02-07,2116.05,235.13
2024-02-08,2123.2,577.74
2024-02-09,2130.67,598.21
2024-02-10,2134.03,604.22
2024-02-11,2137.52,609.06
2024-02-12,2134.7,378.23
2024-02-13,2130.14,696.86
2024-02-14,2162.37,729.09
2024-02-15,2168.81,735.53
2024-02-16,2168.14,734.86
2024-02-17,2162.57,729.28
2024-02-18,2177.88,744.59
2024-02-19,2182.84,749.56
2024-02-20,2195.0,761.72
2024-02-21,2186.21,752.93
2024-02-22,2182.38,749.1
2024-02-23,2172.3,739.01
2024-02-24,2187.08,753.8
2024-02-25,2202.85,769.57
2024-02-26,2231.35,798.07
2024-02-27,2258.82,825.53
2024-02-28,2316.77,883.48
2024-02-29,2301.69,868.41
2024-03-01,2322.54,889.26
2024-03-02,2318.04,884.76
2024-03-03,2334.64,901.35
2024-03-04,2390.5,957.22
2024-03-05,2347.25,913.96
2024-03-06,2397.2,963.91
2024-03-07,2408.96,975.68
2024-03-08,2420.59,987.31
2024-03-09,2424.67,991.39
2024-03-10,2426.3,993.01
2024-03-11,2472.56,1039.28
2024-03-12,2457.52,1024.24
2024-03-13,2472.81,1039.53
2024-03-14,2445.12,1011.84
2024-03-15,2413.88,980.6
2024-03-16,2355.49,922.2
2024-03-17,2393.68,960.39
2024-03-18,2372.66,939.38
2024-03-19,2284.51,0.0
2024-03-20,2248.79,375.42
2024-03-21,2256.96,367.25
2024-03-22,2269.73,354.48
2024-03-23,2269.48,354.73
2024-03-24,2253.69,370.52
2024-03-25,2238.85,175.68
2024-03-26,2239.01,175.53
2024-03-27,2243.22,171.32
2024-03-28,2240.32,174.22
2024-03-29,2242.8,171.73
2024-03-30,2243.0,171.53
2024-03-31,2235.99,0.0
2024-04-01,2235.99,0.0
2024-04-02,2235.99,0.0
2024-04-03,2235.99,0.0
2024-04-04,2235.99,0.0
2024-04-05,2235.99,0.0
2024-04-06,2235.99,0.0
2024-04-07,2235.99,0.0
2024-04-08,2235.99,0.0
2024-04-09,2225.13,196.55
2024-04-10,2227.33,198.75
2024-04-11,2224.91,196.34
2024-04-12,2209.78,0.0
2024-04-13,2209.78,0.0
2024-04-14,2197.0,347.9
2024-04-15,2206.28,338.62
2024-04-16,2206.0,338.9
2024-04-17,2218.28,326.62
2024-04-18,2207.91,336.98
2024-04-19,2207.24,337.65
2024-04-20,2199.14,345.76
2024-04-21,2199.52,345.38
2024-04-22,2191.37,353.53
2024-04-23,2191.67,353.23
2024-04-24,2201.81,343.09
2024-04-25,2200.47,344.43
2024-04-26,2203.83,341.07
2024-04-27,2198.84,346.06
2024-04-28,2199.5,345.4
2024-04-29,2199.47,345.42
2024-04-30,2218.74,326.16
2024-05-01,2227.66,317.23
2024-05-02,2224.92,319.98
2024-05-03,2207.87,337.03
2024-05-04,2204.13,340.77
2024-05-05,2202.86,342.04
2024-05-06,2208.92,335.98
2024-05-07,2214.2,330.7
2024-05-08,2219.06,325.83
2024-05-09,2210.45,334.45
2024-05-10,2223.3,321.59
2024-05-11,2223.11,321.79
2024-05-12,2220.33,324.57
2024-05-13,2214.91,329.99
2024-05-14,2222.3,322.6
2024-05-15,2200.99,144.33
2024-05-16,2201.03,392.72
2024-05-17,2200.94,406.65
2024-05-18,2199.05,407.7
2024-05-19,2199.03,402.76
2024-05-20,2190.77,276.61
2024-05-21,2193.48,511.25
2024-05-22,2186.4,504.17
2024-05-23,2184.67,502.44
2024-05-24,2183.41,501.19
2024-05-25,2187.61,505.38
2024-05-26,2189.46,507.23
2024-05-27,2197.34,515.11
2024-05-28,2190.19,507.96
2024-05-29,2182.42,500.19
2024-05-30,2183.89,501.66
2024-05-31,2181.65,499.43
2024-06-01,2185.92,503.69
2024-06-02,2183.71,501.48
2024-06-03,2186.87,504.65
2024-06-04,2196.29,514.07
2024-06-05,2202.03,519.8
2024-06-06,2197.51,515.28
2024-06-07,2183.02,268.52
2024-06-08,2182.22,531.58
2024-06-09,2181.75,534.67
2024-06-10,2184.09,531.49
2024-06-11,2187.67,510.68
2024-06-12,2186.85,518.85
2024-06-13,2187.57,506.59
2024-06-14,2183.48,248.96
2024-06-15,2175.84,586.04
2024-06-16,2169.62,592.26
2024-06-17,2178.56,583.32
2024-06-18,2187.21,574.67
2024-06-19,2182.7,579.18
2024-06-20,2186.61,575.27
2024-06-21,2189.85,572.03
2024-06-22,2190.89,570.99
2024-06-23,2201.49,560.39
2024-06-24,2220.94,540.94
2024-06-25,2210.37,551.51
2024-06-26,2216.75,545.13
2024-06-27,2206.89,554.99
2024-06-28,2218.31,543.57
2024-06-29,2215.61,546.27
2024-06-30,2202.45,559.43
2024-07-01,2201.52,560.36
2024-07-02,2206.83,555.05
2024-07-03,2225.46,536.42
2024-07-04,2258.09,503.79
2024-07-05,2265.77,496.11
2024-07-06,2251.69,510.19
2024-07-07,2273.25,488.63
2024-07-08,2262.68,499.2
2024-07-09,2252.6,509.28
2024-07-10,2251.76,510.12
2024-07-11,2253.8,508.08
2024-07-12,2248.6,513.28
2024-07-13,2239.02,522.86
2024-07-14,2226.12,535.76
2024-07-15,2189.14,249.07
2024-07-16,2192.93,532.93
2024-07-17,2192.8,524.63
2024-07-18,2189.53,527.01
2024-07-19,2195.8,544.3
2024-07-20,2196.92,547.41
2024-07-21,2200.12,553.25
2024-07-22,2204.22,543.57
2024-07-23,2194.11,539.6
2024-07-24,2202.14,526.65
2024-07-25,2215.47,517.05
2024-07-26,2217.67,533.43
2024-07-27,2219.45,531.55
2024-07-28,2219.5,534.62
2024-07-29,2209.64,531.56
2024-07-30,2209.76,526.18
2024-07-31,2206.21,515.98
2024-08-01,2211.51,517.08
2024-08-02,2209.39,213.76
2024-08-03,2218.53,463.69
2024-08-04,2244.58,437.64
2024-08-05,2281.32,400.91
2024-08-06,2269.88,412.34
2024-08-07,2282.1,400.12
2024-08-08,2230.17,452.05
2024-08-09,2239.74,442.49
2024-08-10,2238.58,443.64
2024-08-11,2251.81,430.42
2024-08-12,2237.2,445.03
2024-08-13,2233.38,448.84
2024-08-14,2244.34,437.88
2024-08-15,2255.71,426.51
2024-08-16,2248.45,433.77
2024-08-17,2244.29,437.93
2024-08-18,2248.95,433.27
2024-08-19,2242.95,439.27
2024-08-20,2249.29,432.93
2024-08-21,2236.11,446.11
2024-08-22,2239.96,442.26
2024-08-23,2214.26,197.52
2024-08-24,2213.96,436.41
2024-08-25,2215.75,435.08
2024-08-26,2215.3,425.23
2024-08-27,2218.54,396.56
2024-08-28,2212.05,400.23
2024-08-29,2213.31,401.38
2024-08-30,2212.55,400.39
2024-08-31,2212.92,398.91
2024-09-01,2212.63,173.45
2024-09-02,2196.27,438.67
2024-09-03,2211.48,423.46
2024-09-04,2207.56,427.37
2024-09-05,2221.2,413.73
2024-09-06,2241.11,393.82
2024-09-07,2236.8,398.14
2024-09-08,2232.01,402.92
2024-09-09,2218.12,416.81
2024-09-10,2213.46,421.47
2024-09-11,2218.19,416.74
2024-09-12,2213.22,421.72
2024-09-13,2197.39,437.54
2024-09-14,2201.12,433.82
2024-09-15,2212.13,422.8
2024-09-16,2217.59,417.35
2024-09-17,2205.15,429.78
2024-09-18,2196.24,169.8
2024-09-19,2194.76,462.81
2024-09-20,2189.03,470.84
2024-09-21,2185.87,288.37
2024-09-22,2183.7,524.53
2024-09-23,2188.62,529.45
2024-09-24,2193.39,534.22
2024-09-25,2181.66,522.49
2024-09-26,2195.63,536.46
2024-09-27,2204.01,544.83
2024-09-28,2202.66,543.48
2024-09-29,2199.89,540.72
2024-09-30,2184.49,525.32
2024-10-01,2158.19,0.0
2024-10-02,2165.84,514.19
2024-10-03,2166.64,513.39
2024-10-04,2154.18,525.85
2024-10-05,2154.29,525.73
2024-10-06,2148.23,531.8
2024-10-07,2152.74,527.29
2024-10-08,2151.39,528.64
2024-10-09,2165.32,514.71
2024-10-10,2165.37,514.65
2024-10-11,2149.65,530.37
2024-10-12,2143.0,537.02
2024-10-13,2145.34,534.69
2024-10-14,2114.51,240.81
2024-10-15,2116.56,238.76
2024-10-16,2118.35,563.42
2024-10-17,2117.89,561.99
2024-10-18,2119.38,570.14
2024-10-19,2118.59,570.46
2024-10-20,2112.44,331.09
2024-10-21,2095.45,609.54
2024-10-22,2090.96,605.06
2024-10-23,2076.38,319.76
2024-10-24,2083.72,327.09
2024-10-25,2076.52,319.9
2024-10-26,2073.94,565.84
2024-10-27,2075.91,572.78
2024-10-28,2079.35,587.95
2024-10-29,2085.64,608.27
2024-10-30,2081.5,346.98
2024-10-31,2071.65,337.14
2024-11-01,2067.83,333.32
2024-11-02,2067.25,332.74
2024-11-03,2064.38,329.87
2024-11-04,2059.94,325.42
2024-11-05,2067.24,332.72
2024-11-06,2096.98,362.46
2024-11-07,2098.35,363.83
2024-11-08,2106.52,608.18
2024-11-09,2120.72,622.38
2024-11-10,2143.07,644.73
2024-11-11,2198.11,699.77
2024-11-12,2184.37,686.03
2024-11-13,2191.38,693.04
2024-11-14,2166.3,667.96
2024-11-15,2186.62,688.28
2024-11-16,2187.97,689.63
2024-11-17,2179.83,681.49
2024-11-18,2193.48,695.14
2024-11-19,2194.17,695.83
2024-11-20,2200.59,702.25
2024-11-21,2243.2,744.86
2024-11-22,2243.68,745.34
2024-11-23,2243.22,744.88
2024-11-24,2241.64,743.3
2024-11-25,2222.53,724.19
2024-11-26,2210.21,711.87
2024-11-27,2255.66,757.32
2024-11-28,2248.54,750.2
2024-11-29,2258.35,760.01
2024-11-30,2262.37,764.03
2024-12-01,2266.43,768.09
2024-12-02,2254.75,756.41
2024-12-03,2252.44,754.1
2024-12-04,2283.76,785.42
2024-12-05,2271.6,773.26
2024-12-06,2302.41,804.07
2024-12-07,2302.63,804.29
2024-12-08,2309.4,811.06
2024-12-09,2267.22,768.88
2024-12-10,2257.12,758.78
2024-12-11,2295.44,797.1
2024-12-12,2294.12,795.78
2024-12-13,2302.98,804.64
2024-12-14,2299.99,801.65
2024-12-15,2321.82,823.48
2024-12-16,2331.68,833.34
2024-12-17,2324.45,826.11
2024-12-18,2274.33,775.98
2024-12-19,2243.67,467.45
2024-12-20,2242.22,647.61
2024-12-21,2246.61,638.29
2024-12-22,2239.44,625.26
2024-12-23,2230.75,631.03
2024-12-24,2245.25,652.8
2024-12-25,2248.73,656.67
2024-12-26,2239.61,630.9
2024-12-27,2232.53,623.66
2024-12-28,2233.71,632.08
2024-12-29,2228.66,622.15
2024-12-30,2223.84,617.89
2024-12-31,2228.84,620.41
2025-01-01,2232.55,626.44
2025-01-02,2239.13,642.82
2025-01-03,2236.95,656.41
2025-01-04,2234.71,659.09
2025-01-05,2236.47,658.7
2025-01-06,2252.4,679.92
2025-01-07,2242.81,638.85
2025-01-08,2236.5,626.99
2025-01-09,2230.03,609.4
2025-01-10,2237.99,622.29
2025-01-11,2236.58,622.5
2025-01-12,2237.11,621.43
2025-01-13,2243.74,614.72
2025-01-14,2248.92,628.96
2025-01-15,2256.19,659.45
2025-01-16,2261.12,649.63
2025-01-17,2272.23,677.76
2025-01-18,2283.05,671.53
2025-01-19,2272.35,651.3
2025-01-20,2273.26,659.29
2025-01-21,2289.65,680.16
2025-01-22,2282.32,664.1
2025-01-23,2278.39,670.0
2025-01-24,2284.44,673.16
2025-01-25,2283.4,673.01
2025-01-26,2277.63,658.38
2025-01-27,2277.63,653.22
2025-01-28,2279.43,644.26
2025-01-29,2289.07,657.62
2025-01-30,2286.95,669.23
2025-01-31,2273.2,660.98
2025-02-01,2274.02,642.95
2025-02-02,2271.99,147.53
2025-02-03,2261.12,425.78
2025-02-04,2278.53,408.36
2025-02-05,2278.75,408.14
2025-02-06,2284.14,402.76
2025-02-07,2287.59,399.31
2025-02-08,2287.22,399.67
2025-02-09,2287.44,399.45
2025-02-10,2283.04,403.85
2025-02-11,2290.59,396.31
2025-02-12,2277.88,409.02
2025-02-13,2284.54,402.35
2025-02-14,2279.52,407.37
2025-02-15,2281.03,405.87
2025-02-16,2286.63,400.27
2025-02-17,2283.31,403.59
2025-02-18,2287.31,399.59
2025-02-19,2282.41,404.49
2025-02-20,2276.7,410.2
2025-02-21,2286.37,400.52
2025-02-22,2280.21,406.69
2025-02-23,2278.11,408.79
2025-02-24,2306.75,380.15
2025-02-25,2315.53,371.36
2025-02-26,2335.87,351.03
2025-02-27,2336.08,350.81
2025-02-28,2340.67,346.22
2025-03-01,2337.01,349.88
2025-03-02,2299.06,387.83
2025-03-03,2340.1,346.8
2025-03-04,2336.03,350.86
2025-03-05,2323.32,363.57
2025-03-06,2327.19,359.7
2025-03-07,2338.89,348.01
2025-03-08,2337.29,349.61
2025-03-09,2361.75,325.15
2025-03-10,2375.59,311.3
2025-03-11,2360.71,326.19
2025-03-12,2359.44,327.45
2025-03-13,2368.71,318.18
2025-03-14,2358.43,328.46
2025-03-15,2356.15,330.75
2025-03-16,2363.56,323.33
2025-03-17,2357.61,329.29
2025-03-18,2360.89,326.01
2025-03-19,2343.16,343.73
2025-03-20,2354.07,332.83
2025-03-21,2355.36,331.53
2025-03-22,2355.28,331.62
2025-03-23,2347.83,339.06
2025-03-24,2340.08,346.81
2025-03-25,2341.15,345.75
2025-03-26,2345.38,341.51
2025-03-27,2344.8,342.1
2025-03-28,2357.98,328.91
2025-03-29,2366.39,320.51
2025-03-30,2368.14,318.75
2025-03-31,2366.95,319.95
2025-04-01,2355.56,331.34
2025-04-02,2368.44,318.45
2025-04-03,2365.4,321.5
2025-04-04,2363.56,323.33
2025-04-05,2365.09,321.81
2025-04-06,2390.67,296.23
2025-04-07,2390.08,296.81
2025-04-08,2401.96,284.93
2025-04-09,2374.63,312.26
2025-04-10,2390.45,296.45
2025-04-11,2377.69,309.2
2025-04-12,2368.64,318.26
2025-04-13,2375.18,311.71
2025-04-14,2371.57,315.33
2025-04-15,2375.96,310.93
2025-04-16,2375.5,311.39
2025-04-17,2372.65,314.24
2025-04-18,2373.7,313.2
2025-04-19,2370.78,316.12
2025-04-20,2371.83,315.07
2025-04-21,2365.82,321.07
2025-04-22,2340.24,90.29
2025-04-23,2338.61,410.42
2025-04-24,2340.9,410.09
2025-04-25,2342.37,413.1
2025-04-26,2340.47,414.92
2025-04-27,2339.0,410.42
2025-04-28,2342.85,415.15
2025-04-29,2340.39,412.48
2025-04-30,2340.32,411.97
2025-05-01,2345.9,422.13
2025-05-02,2347.04,423.69
2025-05-03,2343.99,419.75
2025-05-04,2339.89,413.12
2025-05-05,2340.86,415.25
2025-05-06,2348.16,422.22
2025-05-07,2349.13,422.58
2025-05-08,2349.8,350.63
2025-05-09,2363.58,607.4
2025-05-10,2396.0,639.82
2025-05-11,2386.1,629.93
2025-05-12,2379.5,623.32
2025-05-13,2404.21,648.03
2025-05-14,2394.49,638.31
2025-05-15,2388.65,632.47
2025-05-16,2386.36,630.18
2025-05-17,2378.4,622.22
2025-05-18,2392.19,636.01
2025-05-19,2392.54,636.36
2025-05-20,2396.44,640.26
2025-05-21,2408.87,652.69
2025-05-22,2428.35,672.17
2025-05-23,2398.28,642.1
2025-05-24,2400.22,644.04
2025-05-25,2406.72,650.54
2025-05-26,2409.56,653.38
2025-05-27,2418.55,662.37
2025-05-28,2416.9,660.72
2025-05-29,2403.94,647.76
2025-05-30,2386.97,278.23
2025-05-31,2383.59,691.64
2025-06-01,2380.66,697.02
2025-06-02,2387.3,705.37
2025-06-03,2387.66,701.92
2025-06-04,2391.93,700.81
2025-06-05,2382.86,401.57
2025-06-06,2366.27,623.32
2025-06-07,2357.14,632.45
2025-06-08,2357.68,631.91
2025-06-09,2324.83,228.12
2025-06-10,2312.99,0.0
2025-06-11,2308.94,228.88
2025-06-12,2298.29,218.23
2025-06-13,2293.05,212.99
2025-06-14,2288.74,0.0
2025-06-15,2288.74,0.0
2025-06-16,2288.74,0.0
2025-06-17,2288.74,0.0
2025-06-18,2288.74,0.0
2025-06-19,2288.74,0.0
2025-06-20,2288.74,0.0
2025-06-21,2297.7,192.06
2025-06-22,2307.32,581.26
2025-06-23,2274.83,613.75
2025-06-24,2268.83,619.75
2025-06-25,2266.41,622.17
2025-06-26,2268.17,620.41
2025-06-27,2267.17,621.41
2025-06-28,2265.15,623.43
2025-06-29,2255.19,209.16
2025-06-30,2256.41,207.93
2025-07-01,2263.14,201.2
2025-07-02,2249.31,215.04
2025-07-03,2247.56,216.78
2025-07-04,2254.52,209.82
2025-07-05,2253.82,210.52
2025-07-06,2249.31,215.03
2025-07-07,2251.66,212.69
2025-07-08,2245.55,218.79
2025-07-09,2232.48,0.0
2025-07-10,2268.54,771.52
2025-07-11,2275.83,778.82
2025-07-12,2274.04,777.02
2025-07-13,2283.92,786.9
2025-07-14,2290.91,793.9
2025-07-15,2292.72,795.7
2025-07-16,2317.18,820.16
2025-07-17,2328.91,831.89
2025-07-18,2329.58,832.57
2025-07-19,2333.19,836.18
2025-07-20,2345.21,848.19
2025-07-21,2346.21,849.2
2025-07-22,2356.12,859.11
2025-07-23,2340.43,843.41
2025-07-24,2345.55,848.53
2025-07-25,2343.94,846.93
2025-07-26,2346.71,849.7
2025-07-27,2364.87,867.85
2025-07-28,2352.45,855.44
2025-07-29,2351.5,854.49
2025-07-30,2352.45,855.43
2025-07-31,2333.45,836.43
2025-08-01,2302.81,0.0
2025-08-02,2310.9,672.01
2025-08-03,2297.57,685.34
2025-08-04,2279.69,703.21
2025-08-05,2290.45,692.45
2025-08-06,2282.38,700.53
2025-08-07,2257.5,472.83
2025-08-08,2260.71,469.62
2025-08-09,2276.43,727.18
2025-08-10,2263.94,257.81
2025-08-11,2262.28,256.15
2025-08-12,2284.56,278.42
2025-08-13,2294.19,288.05
2025-08-14,2260.99,752.02
2025-08-15,2249.93,269.26
2025-08-16,2248.87,268.2
2025-08-17,2251.92,271.26
2025-08-18,2242.26,261.59
2025-08-19,2227.86,247.19
2025-08-20,2237.71,697.41
2025-08-21,2237.72,683.95
2025-08-22,2257.65,737.62
2025-08-23,2260.09,728.67
2025-08-24,2267.59,721.38
2025-08-25,2255.95,684.02
2025-08-26,2263.28,703.91
2025-08-27,2259.49,696.31
2025-08-28,2254.8,701.55
2025-08-29,2261.57,676.46
2025-08-30,2260.72,678.95
2025-08-31,2263.99,677.88
2025-09-01,2255.53,676.96
2025-09-02,2248.64,685.3
2025-09-03,2254.39,694.59
2025-09-04,2248.82,681.61
2025-09-05,2249.69,681.94
2025-09-06,2249.41,678.06
2025-09-07,2247.8,683.68
2025-09-08,2244.29,687.21
2025-09-09,2246.48,685.47
2025-09-10,2239.69,697.02
2025-09-11,2240.54,709.45
2025-09-12,2253.83,726.9
2025-09-13,2251.48,723.71
2025-09-14,2250.19,717.47
2025-09-15,2244.98,712.88
2025-09-16,2237.71,273.01
2025-09-17,2240.76,809.56
2025-09-18,2243.44,812.24
2025-09-19,2229.65,798.45
2025-09-20,2230.61,799.41
2025-09-21,2226.39,795.19
2025-09-22,2198.55,0.0
2025-09-23,2202.62,793.43
2025-09-24,2197.01,799.04
2025-09-25,2234.76,761.3
2025-09-26,2222.01,774.04
2025-09-27,2222.89,773.16
2025-09-28,2203.17,792.88
2025-09-29,2188.37,807.68
2025-09-30,2193.9,802.15
2025-10-01,2159.06,264.84
2025-10-02,2158.18,782.32
2025-10-03,2163.63,791.25
2025-10-04,2165.87,790.36
2025-10-05,2168.83,796.62
2025-10-06,2163.18,526.62
2025-10-07,2134.14,786.41
2025-10-08,2147.28,799.55
2025-10-09,2130.63,782.9
2025-10-10,2058.87,0.0
2025-10-11,2062.12,157.75
2025-10-12,2045.05,174.82
2025-10-13,2041.32,178.55
2025-10-14,2046.2,173.67
2025-10-15,2052.07,167.8
2025-10-16,2055.9,163.97
2025-10-17,2058.55,161.32
2025-10-18,2056.13,163.74
2025-10-19,2052.2,167.68
2025-10-20,2052.34,167.53
2025-10-21,2056.81,163.06
2025-10-22,2059.65,160.22
2025-10-23,2057.49,162.38
2025-10-24,2054.2,165.67
2025-10-25,2053.41,166.46
2025-10-26,2044.79,175.08
2025-10-27,2046.4,173.47
2025-10-28,2052.34,167.53
2025-10-29,2055.55,164.32
2025-10-30,2059.67,160.2
2025-10-31,2057.86,162.01
2025-11-01,2056.78,163.09
2025-11-02,2055.4,164.48
2025-11-03,2068.14,151.73
2025-11-04,2081.48,138.39
2025-11-05,2069.1,414.17
2025-11-06,2080.29,402.97
2025-11-07,2070.02,413.24
2025-11-08,2074.14,409.12
2025-11-09,2060.22,423.05
2025-11-10,2057.53,425.74
2025-11-11,2071.52,411.75
2025-11-12,2075.29,407.98
2025-11-13,2088.11,395.16
2025-11-14,2106.38,376.89
2025-11-15,2101.44,381.83
2025-11-16,2107.96,375.3
2025-11-17,2115.97,367.3
2025-11-18,2110.15,373.12
2025-11-19,2117.94,365.33
2025-11-20,2138.77,344.5
2025-11-21,2145.57,337.7
2025-11-22,2146.4,336.87
2025-11-23,2139.62,343.65
2025-11-24,2129.43,353.84
2025-11-25,2131.6,351.67
2025-11-26,2120.67,362.59
2025-11-27,2118.94,364.33
2025-11-28,2119.42,363.84
2025-11-29,2121.42,361.85
2025-11-30,2122.48,360.78
2025-12-01,2141.16,342.1
2025-12-02,2119.89,363.37
2025-12-03,2106.21,377.06
2025-12-04,2112.04,371.23
2025-12-05,2123.87,359.39
2025-12-06,2123.43,359.84
2025-12-07,2119.5,363.76
2025-12-08,2116.17,367.09
2025-12-09,2102.56,240.87
2025-12-10,2104.34,419.69
2025-12-11,2098.34,416.27
2025-12-12,2095.89,402.16
2025-12-13,2097.58,403.7
2025-12-14,2100.18,395.55
2025-12-15,2099.34,385.67
2025-12-16,2095.48,389.25
2025-12-17,2092.47,224.15
2025-12-18,2094.39,383.24
2025-12-19,2078.99,398.64
2025-12-20,2078.5,399.13
2025-12-21,2076.35,401.28
2025-12-22,2076.03,401.61
2025-12-23,2081.51,396.13
2025-12-24,2082.03,395.6
2025-12-25,2085.66,391.97
2025-12-26,2083.92,393.72
2025-12-27,2081.4,396.23
2025-12-28,2081.1,396.54
2025-12-29,2083.7,393.94
2025-12-30,2078.42,399.22
2025-12-31,2080.71,396.92
2026-01-01,2075.76,401.87
2026-01-02,2065.86,411.78
2026-01-03,2064.12,413.52
2026-01-04,2060.53,178.97
2026-01-05,2064.98,393.71
2026-01-06,2070.49,687.4
2026-01-07,2049.06,665.97
2026-01-08,2042.41,659.32
2026-01-09,2038.86,655.77
2026-01-10,2038.14,655.05
2026-01-11,2043.55,660.46
2026-01-12,2042.26,659.17
2026-01-13,2080.06,696.97
2026-01-14,2089.11,706.02
2026-01-15,2080.23,697.14
2026-01-16,2078.0,694.91
2026-01-17,2077.59,694.5
2026-01-18,2069.03,685.94
2026-01-19,2056.23,673.14
2026-01-20,2015.37,0.0
2026-01-21,2006.87,604.96
2026-01-22,2008.86,602.97
2026-01-23,2008.39,603.44
2026-01-24,2010.17,601.66
2026-01-25,2031.63,580.2
2026-01-26,2015.58,596.25
2026-01-27,2004.05,607.78
2026-01-28,2005.16,606.67
2026-01-29,2039.32,572.51
2026-01-30,2050.31,561.52
2026-01-31,2093.48,518.35
2026-02-01,2115.5,496.33
2026-02-02,2102.07,509.76
2026-02-03,2123.31,488.52
2026-02-04,2140.81,471.01
2026-02-05,2208.5,403.33
2026-02-06,2158.19,453.64
2026-02-07,2161.47,450.36
2026-02-08,2157.05,454.78
2026-02-09,2156.57,455.26
2026-02-10,2168.54,443.29
2026-02-11,2182.3,429.53
2026-02-12,2185.03,426.8
2026-02-13,2166.36,445.47
2026-02-14,2159.35,452.48
2026-02-15,2173.16,438.67
2026-02-16,2170.32,441.5
2026-02-17,2176.48,435.35
2026-02-18,2183.61,428.22
2026-02-19,2181.98,429.85
2026-02-20,2176.25,435.57
2026-02-21,2176.07,435.76
2026-02-22,2178.68,433.15
2026-02-23,2199.04,412.79
2026-02-24,2201.81,410.02
2026-02-25,2169.14,442.69
2026-02-26,2173.61,438.22
2026-02-27,2188.12,423.71
2026-02-28,2180.84,430.99
2026-03-01,2187.7,424.13
2026-03-02,2168.2,443.63
2026-03-03,2173.83,438.0
2026-03-04,2144.25,173.93
2026-03-05,2143.2,376.17
2026-03-06,2142.81,360.37
2026-03-07,2141.07,357.15
2026-03-08,2139.96,350.73
2026-03-09,2142.57,362.47
2026-03-10,2143.43,370.45
2026-03-11,2142.87,372.42
2026-03-12,2142.13,375.2
2026-03-13,2141.74,377.87
2026-03-14,2142.24,379.01
2026-03-15,2140.19,390.4
2026-03-16,2131.75,218.33
2026-03-17,2125.58,412.79
2026-03-18,2108.11,395.32
2026-03-19,2098.69,385.9
2026-03-20,2101.1,388.31
2026-03-21,2090.96,200.93
2026-03-22,2087.58,0.0
2026-03-23,2076.25,255.12
2026-03-24,2077.51,253.86
2026-03-25,2074.7,256.67
2026-03-26,2083.76,247.61
2026-03-27,2092.44,238.93
2026-03-28,2092.1,418.15
2026-03-29,2094.32,415.92
2026-03-30,2087.73,422.51
2026-03-31,2075.29,434.96
2026-04-01,2072.76,437.49
2026-04-02,2084.6,425.65
2026-04-03,2084.67,425.57
2026-04-04,2082.41,427.83
2026-04-05,2072.16,438.08
2026-04-06,2073.08,437.16
2026-04-07,2049.89,258.78
2026-04-08,2052.96,255.71
2026-04-09,2050.38,258.29
2026-04-10,2046.15,262.52
2026-04-11,2045.86,262.81
2026-04-12,2044.64,469.72
2026-04-13,2048.61,232.66
2026-04-14,2042.43,518.3
2026-04-15,2048.77,524.63
2026-04-16,2048.96,524.83
2026-04-17,2063.43,539.29
2026-04-18,2051.28,527.14
2026-04-19,2035.33,511.19
2026-04-20,2048.28,524.14
2026-04-21,2051.52,527.39
2026-04-22,2063.34,539.21
2026-04-23,2059.35,535.22
2026-04-24,2054.64,530.51
2026-04-25,2055.82,531.68
2026-04-26,2064.77,540.63
2026-04-27,2053.27,529.14
2026-04-28,2047.85,523.71
2026-04-29,2042.06,517.92
2026-04-30,2044.73,520.59
2026-05-01,2055.85,531.71
2026-05-02,2059.73,535.59
2026-05-03,2059.82,535.69
2026-05-04,2067.29,543.16
2026-05-05,2072.72,548.58
2026-05-06,2073.86,549.73
2026-05-07,2062.35,538.21
2026-05-08,2064.65,540.52
2026-05-09,2068.46,544.32
2026-05-10,2078.86,554.72
2026-05-11,2073.95,549.82
2026-05-12,2062.72,538.59
2026-05-13,2056.46,532.32
2026-05-14,2065.83,541.69
2026-05-15,2052.01,309.76
2026-05-16,2052.97,279.77
2026-05-17,2062.06,639.11
2026-05-18,2064.33,636.84
2026-05-19,2067.45,633.72
2026-05-20,2061.82,639.35
2026-05-21,2060.96,640.21
2026-05-22,2079.48,621.69
2026-05-23,2067.1,634.07
2026-05-24,2067.91,633.26
2026-05-25,2065.01,636.16
2026-05-26,2076.62,624.55
2026-05-27,2089.89,611.28
2026-05-28,2095.73,605.44
2026-05-29,2095.87,605.29
2026-05-30,2092.86,608.31
2026-05-31,2095.83,605.34
2026-06-01,2106.56,594.6
2026-06-02,2147.35,553.81
2026-06-03,2165.72,535.45
2026-06-04,2172.36,528.81
2026-06-05,2209.75,491.42
2026-06-06,2212.32,488.85
2026-06-07,2185.27,515.9
2026-06-08,2186.43,514.74
2026-06-09,2199.37,501.8
2026-06-10,2202.71,498.46
2026-06-11,2186.07,515.1
2026-06-12,2187.19,513.98
2026-06-13,2181.15,520.02
2026-06-14,2169.36,531.81
2026-06-15,2157.57,543.6
2026-06-16,2161.06,540.11
2026-06-17,2172.0,529.17
2026-06-18,2184.39,516.78
2026-06-19,2181.61,519.56
2026-06-20,2174.22,526.95
2026-06-21,2183.25,517.91
2026-06-22,2177.19,523.98
2026-06-23,2191.09,510.08
2026-06-24,2204.68,496.49
2026-06-25,2217.71,483.46
2026-06-26,2214.89,486.28
2026-06-27,2215.81,485.36
2026-06-28,2218.21,482.96
2026-06-29,2209.71,491.46
2026-06-30,2222.7,478.47
2026-07-01,2211.27,489.9
2026-07-02,2192.34,508.83
2026-07-03,2180.12,521.05
2026-07-04,2174.59,526.58
2026-07-05,2171.56,529.61
2026-07-06,2167.93,533.24
2026-07-07,2174.73,526.44
2026-07-08,2183.38,517.78
2026-07-09,2178.74,522.43
2026-07-10,2167.71,533.46
2026-07-11,2170.49,530.68
2026-07-12,2168.23,532.94
2026-07-13,2178.92,522.25
2026-07-14,2150.8,0.0
2026-07-15,2151.98,601.01
2026-07-16,2139.85,588.87
2026-07-17,2137.24,586.27
2026-07-18,2144.79,593.82
2026-07-19,2145.53,594.56
2026-07-20,2152.78,601.81
2026-07-21,2163.04,612.06
2026-07-22,2161.31,610.33
2026-07-23,2148.34,597.36
2026-07-24,2141.01,590.04
2026-07-25,2144.08,593.11
2026-07-26,2160.4,609.43
2026-07-27,2143.28,592.31
2026-07-28,2148.19,597.22
2026-07-29,2146.97,596.0
2026-07-30,2152.16,601.19
2026-07-31,2134.65,583.67
2026-08-01,2131.5,327.35
2026-08-02,2128.61,627.59
2026-08-03,2132.25,623.42
2026-08-04,2133.86,627.93
2026-08-05,2130.61,637.0
2026-08-06,2129.59,634.46
2026-08-07,2131.13,639.17
2026-08-08,2130.93,639.78
2026-08-09,2131.57,638.5
2026-08-10,2132.61,627.76
2026-08-11,2129.2,627.31
2026-08-12,2129.01,626.25
2026-08-13,2128.07,627.3
2026-08-14,2126.36,624.35
2026-08-15,2126.51,624.64
2026-08-16,2126.59,622.63
2026-08-17,2129.18,637.04
2026-08-18,2129.52,638.72
2026-08-19,2100.53,361.27
2026-08-20,2129.78,710.52
2026-08-21,2184.34,765.08
2026-08-22,2164.47,745.21
2026-08-23,2173.69,754.43
2026-08-24,2182.93,763.67
2026-08-25,2181.15,761.89
