symbol,entry_date,exit_date,entry,exit,units,pnl,r_multiple,exit_reason
BNB/USDT,2020-10-13,2020-10-30,30.67,28.49,2.684498,-5.95,-0.593,donchian_exit
BNB/USDT,2020-11-22,2020-12-08,30.53,27.67,4.637722,-13.46,-1.083,stop_loss
XRP/USDT,2020-11-15,2020-12-15,0.27,0.47,472.842398,94.0,8.649,donchian_exit
ETH/USDT,2020-10-13,2021-03-22,386.7,1680.97,0.258196,333.52,33.24,donchian_exit
BTC/USDT,2020-10-11,2021-03-24,11298.87,52303.65,0.01552,635.18,63.518,donchian_exit
SOL/USDT,2021-01-02,2021-03-25,1.84,12.98,35.836396,398.36,27.293,donchian_exit
BNB/USDT,2020-12-20,2021-03-25,33.32,233.95,3.930513,787.19,58.817,donchian_exit
BTC/USDT,2021-04-14,2021-04-18,63606.8,56150.01,0.006552,-49.41,-1.325,stop_loss
XRP/USDT,2021-01-31,2021-04-22,0.44,1.15,173.511418,123.06,6.774,donchian_exit
BNB/USDT,2021-04-02,2021-05-13,334.84,571.1,0.610591,143.74,4.41,donchian_exit
ETH/USDT,2021-04-02,2021-05-17,1969.03,3282.51,0.135215,176.94,5.429,donchian_exit
SOL/USDT,2021-03-29,2021-05-19,18.07,34.99,9.565569,161.29,4.97,donchian_exit
BNB/USDT,2021-08-08,2021-09-07,356.36,418.7,1.039724,64.17,1.6,donchian_exit
BTC/USDT,2021-07-26,2021-09-20,35398.71,43015.62,0.010415,78.66,2.079,donchian_exit
ETH/USDT,2021-07-31,2021-09-20,2463.0,2977.28,0.124734,63.59,1.648,donchian_exit
SOL/USDT,2021-08-01,2021-09-20,36.76,132.77,6.060312,580.64,15.051,donchian_exit
XRP/USDT,2021-07-29,2021-09-20,0.73,0.92,356.628238,66.74,1.743,donchian_exit
BTC/USDT,2021-10-06,2021-10-27,51497.73,58413.44,0.008868,60.55,1.306,donchian_exit
BNB/USDT,2021-10-06,2021-10-27,442.22,448.7,0.815604,4.74,0.102,donchian_exit
XRP/USDT,2021-10-10,2021-10-27,1.16,1.0,282.038991,-47.23,-1.016,stop_loss
BTC/USDT,2021-11-09,2021-11-16,67559.58,60058.87,0.008543,-64.85,-1.304,stop_loss
ETH/USDT,2021-10-15,2021-11-16,3792.72,4209.76,0.106985,43.94,0.934,donchian_exit
XRP/USDT,2021-11-04,2021-11-16,1.21,1.09,326.043901,-40.6,-0.837,donchian_exit
SOL/USDT,2021-10-22,2021-11-18,190.56,195.01,1.647238,6.86,0.144,donchian_exit
BNB/USDT,2021-10-30,2021-11-18,530.57,531.8,0.787846,0.34,0.007,donchian_exit
XRP/USDT,2021-12-24,2021-12-29,0.99,0.82,319.418805,-57.09,-1.242,stop_loss
BTC/USDT,2022-02-08,2022-02-17,43861.91,40515.7,0.010392,-35.4,-0.78,donchian_exit
XRP/USDT,2022-02-08,2022-02-21,0.83,0.7,439.418742,-57.59,-1.269,stop_loss
BTC/USDT,2022-03-25,2022-04-06,44013.46,43170.47,0.011165,-10.13,-0.228,donchian_exit
ETH/USDT,2022-03-25,2022-04-11,3112.31,2979.74,0.138973,-19.04,-0.429,donchian_exit
SOL/USDT,2022-03-25,2022-04-11,102.37,99.67,3.175484,-9.05,-0.204,donchian_exit
BNB/USDT,2022-03-25,2022-04-11,414.41,394.6,1.262201,-25.75,-0.579,donchian_exit
SOL/USDT,2022-07-19,2022-07-26,43.54,36.25,6.218665,-45.68,-1.028,stop_loss
BNB/USDT,2022-07-17,2022-08-17,249.92,306.9,1.618342,91.46,2.089,donchian_exit
BTC/USDT,2022-07-20,2022-08-19,23410.18,20834.39,0.016637,-43.37,-0.972,donchian_exit
ETH/USDT,2022-07-17,2022-08-19,1356.52,1609.01,0.201443,50.38,1.151,donchian_exit
XRP/USDT,2022-07-19,2022-08-19,0.37,0.33,1017.841084,-32.05,-0.721,donchian_exit
BTC/USDT,2022-09-13,2022-09-14,22406.64,20226.71,0.024306,-53.72,-1.225,stop_loss
ETH/USDT,2022-09-11,2022-09-15,1775.01,1472.75,0.209442,-63.77,-1.45,stop_loss
SOL/USDT,2022-09-13,2022-09-16,37.46,32.25,9.208757,-48.41,-1.104,stop_loss
BNB/USDT,2022-10-05,2022-10-10,296.45,271.5,1.921556,-48.72,-1.122,stop_loss
SOL/USDT,2022-11-06,2022-11-07,36.92,29.62,10.20187,-74.91,-1.665,stop_loss
BTC/USDT,2022-10-27,2022-11-08,20782.0,18547.23,0.032568,-73.69,-1.707,stop_loss
ETH/USDT,2022-10-26,2022-11-08,1460.47,1334.77,0.326841,-41.74,-0.977,donchian_exit
XRP/USDT,2022-09-18,2022-11-08,0.38,0.41,1098.321719,31.74,0.75,donchian_exit
BNB/USDT,2022-10-29,2022-11-09,298.05,267.3,2.386469,-74.34,-1.724,stop_loss
BTC/USDT,2022-12-14,2022-12-16,17784.71,16632.12,0.038505,-45.34,-1.149,stop_loss
ETH/USDT,2022-12-14,2022-12-16,1321.35,1166.83,0.329634,-51.51,-1.306,stop_loss
BTC/USDT,2023-01-09,2023-02-09,17136.39,21796.35,0.064298,297.52,7.672,donchian_exit
SOL/USDT,2023-01-09,2023-02-09,14.47,20.48,16.288139,97.44,2.513,donchian_exit
XRP/USDT,2023-01-14,2023-02-09,0.39,0.38,1249.164623,-5.7,-0.134,donchian_exit
ETH/USDT,2023-01-09,2023-02-10,1290.8,1513.06,0.551275,121.28,3.127,donchian_exit
BNB/USDT,2023-01-08,2023-02-13,261.43,294.3,2.322904,75.33,1.958,donchian_exit
SOL/USDT,2023-02-21,2023-02-25,26.27,22.37,11.387429,-44.83,-1.009,stop_loss
BTC/USDT,2023-02-16,2023-03-03,24335.03,22354.34,0.027099,-54.58,-1.232,stop_loss
BNB/USDT,2023-03-17,2023-03-27,329.56,310.6,1.535991,-29.85,-0.69,donchian_exit
BNB/USDT,2023-04-17,2023-04-19,347.87,322.4,2.252686,-58.47,-1.276,stop_loss
XRP/USDT,2023-03-22,2023-04-19,0.47,0.49,833.840154,17.12,0.387,donchian_exit
BTC/USDT,2023-03-15,2023-04-21,24682.75,27262.84,0.018655,47.37,1.094,donchian_exit
ETH/USDT,2023-03-15,2023-04-21,1700.26,1848.78,0.268808,39.18,0.905,donchian_exit
SOL/USDT,2023-04-13,2023-05-08,23.82,20.62,16.144097,-52.19,-1.164,stop_loss
SOL/USDT,2023-06-05,2023-06-07,21.84,18.64,23.152937,-74.76,-1.721,stop_loss
ETH/USDT,2023-05-29,2023-06-10,1909.59,1751.53,0.36342,-58.4,-1.361,stop_loss
XRP/USDT,2023-05-29,2023-06-28,0.48,0.46,1186.290401,-21.64,-0.504,donchian_exit
ETH/USDT,2023-07-14,2023-07-22,2005.49,1866.52,0.342187,-48.51,-1.125,stop_loss
BTC/USDT,2023-06-21,2023-07-24,28322.15,29176.5,0.022197,17.99,0.432,donchian_exit
SOL/USDT,2023-07-01,2023-07-24,18.86,23.37,15.429324,69.05,1.652,donchian_exit
XRP/USDT,2023-07-14,2023-07-24,0.82,0.7,424.774124,-48.62,-1.128,stop_loss
BNB/USDT,2023-07-14,2023-08-15,256.33,236.7,2.244608,-44.85,-1.04,stop_loss
ETH/USDT,2023-10-02,2023-10-05,1734.67,1611.79,0.468318,-58.68,-1.421,stop_loss
BTC/USDT,2023-10-02,2023-10-11,28006.58,26875.52,0.032204,-37.72,-0.913,donchian_exit
SOL/USDT,2023-10-01,2023-10-12,21.38,21.28,22.267453,-2.95,-0.072,donchian_exit
BNB/USDT,2023-10-24,2023-11-21,228.71,225.5,3.549497,-12.61,-0.309,donchian_exit
XRP/USDT,2023-10-25,2023-11-21,0.56,0.58,941.81679,17.85,0.439,donchian_exit
XRP/USDT,2023-12-09,2023-12-17,0.67,0.61,871.982993,-54.89,-1.057,stop_loss
BTC/USDT,2023-10-24,2024-01-18,33086.52,41327.5,0.018497,151.28,3.705,donchian_exit
ETH/USDT,2023-10-24,2024-01-22,1766.35,2314.2,0.38679,210.56,5.157,donchian_exit
SOL/USDT,2023-10-20,2024-01-22,24.93,83.84,15.678573,921.61,23.19,donchian_exit
SOL/USDT,2024-02-10,2024-02-23,106.99,99.9,4.249482,-30.78,-0.566,donchian_exit
BTC/USDT,2024-02-08,2024-03-19,44371.77,61937.4,0.019122,334.12,6.257,donchian_exit
ETH/USDT,2024-02-13,2024-03-19,2661.32,3158.64,0.313597,154.47,2.799,donchian_exit
XRP/USDT,2024-02-16,2024-04-02,0.56,0.59,1326.022358,29.23,0.514,donchian_exit
SOL/USDT,2024-02-29,2024-04-05,119.09,174.37,4.487116,246.88,3.999,donchian_exit
ETH/USDT,2024-04-09,2024-04-12,3696.46,3237.43,0.170358,-79.03,-1.163,stop_loss
BNB/USDT,2023-12-13,2024-05-14,254.73,567.1,2.59627,808.8,16.377,donchian_exit
ETH/USDT,2024-05-21,2024-06-07,3663.62,3678.32,0.19643,1.8,0.027,donchian_exit
SOL/USDT,2024-05-17,2024-06-11,159.44,149.31,2.979994,-30.85,-0.464,donchian_exit
BTC/USDT,2024-05-16,2024-06-14,66239.61,66043.99,0.011721,-3.45,-0.052,donchian_exit
BNB/USDT,2024-05-22,2024-06-18,618.81,588.6,1.468506,-45.66,-0.673,donchian_exit
BTC/USDT,2024-07-16,2024-08-02,64756.42,61498.33,0.013278,-44.49,-0.675,donchian_exit
SOL/USDT,2024-07-16,2024-08-02,159.45,152.77,3.382169,-23.37,-0.354,donchian_exit
BNB/USDT,2024-07-20,2024-08-02,593.7,542.9,1.290932,-66.63,-0.995,donchian_exit
XRP/USDT,2024-07-14,2024-08-02,0.53,0.56,1209.957553,41.01,0.623,donchian_exit
BTC/USDT,2024-08-24,2024-09-01,64069.26,57301.86,0.010905,-74.73,-1.151,stop_loss
BNB/USDT,2024-08-23,2024-09-01,583.29,512.4,1.233329,-88.38,-1.363,stop_loss
BTC/USDT,2024-09-19,2024-10-01,61790.86,60805.78,0.013103,-14.1,-0.223,donchian_exit
ETH/USDT,2024-09-22,2024-10-01,2613.71,2447.79,0.266562,-45.21,-0.707,donchian_exit
BNB/USDT,2024-09-20,2024-10-01,567.18,547.3,1.428112,-29.57,-0.467,donchian_exit
SOL/USDT,2024-09-20,2024-10-02,142.95,140.18,4.039874,-12.05,-0.19,donchian_exit
XRP/USDT,2024-09-29,2024-10-02,0.61,0.54,1375.687973,-105.54,-1.625,stop_loss
ETH/USDT,2024-10-21,2024-10-23,2748.28,2524.61,0.311998,-70.97,-1.156,stop_loss
ETH/USDT,2024-11-08,2024-12-19,2896.92,3417.01,0.243604,125.45,1.999,donchian_exit
SOL/USDT,2024-10-21,2024-12-19,167.48,193.81,4.057342,105.64,1.721,donchian_exit
BNB/USDT,2024-11-10,2025-01-26,624.98,667.37,1.476661,61.11,0.961,donchian_exit
SOL/USDT,2025-01-19,2025-01-28,262.1,227.06,3.200202,-113.23,-1.073,stop_loss
BTC/USDT,2024-10-16,2025-02-02,67107.68,97700.59,0.013849,421.64,6.899,donchian_exit
XRP/USDT,2024-11-11,2025-02-02,0.59,2.58,1357.6369,2698.08,41.727,donchian_exit
XRP/USDT,2025-03-03,2025-03-04,2.94,2.39,191.602153,-106.77,-1.144,gap_stop
BNB/USDT,2025-04-23,2025-05-04,618.81,586.03,2.398723,-80.74,-0.871,donchian_exit
BTC/USDT,2025-04-23,2025-05-30,93489.71,103985.48,0.013445,139.02,1.5,donchian_exit
SOL/USDT,2025-04-20,2025-05-30,139.93,156.2,4.664784,74.8,0.811,donchian_exit
XRP/USDT,2025-05-11,2025-05-30,2.47,2.14,424.253232,-142.44,-1.463,stop_loss
ETH/USDT,2025-05-09,2025-06-05,2208.49,2414.01,0.439124,88.66,0.944,donchian_exit
BNB/USDT,2025-05-09,2025-06-05,629.48,633.32,3.066715,8.85,0.094,donchian_exit
ETH/USDT,2025-06-11,2025-06-14,2817.82,2530.76,0.332277,-96.64,-1.038,stop_loss
BTC/USDT,2025-07-10,2025-08-01,111289.62,113297.93,0.018164,33.39,0.363,donchian_exit
ETH/USDT,2025-07-10,2025-08-01,2770.12,3488.2,0.364381,259.75,2.82,donchian_exit
SOL/USDT,2025-07-11,2025-08-01,164.41,162.71,5.850047,-11.39,-0.12,donchian_exit
BNB/USDT,2025-07-10,2025-08-02,669.02,736.42,3.5787,237.24,2.576,donchian_exit
XRP/USDT,2025-07-10,2025-08-02,2.41,2.77,467.80828,168.57,1.83,donchian_exit
BTC/USDT,2025-08-14,2025-08-15,123368.09,117342.05,0.017696,-109.75,-1.088,stop_loss
SOL/USDT,2025-08-14,2025-08-19,201.61,176.22,4.737795,-121.55,-1.205,stop_loss
BTC/USDT,2025-09-17,2025-09-22,116847.35,112650.99,0.020254,-88.41,-0.89,donchian_exit
ETH/USDT,2025-08-09,2025-09-22,4011.51,4199.08,0.265318,48.09,0.486,donchian_exit
SOL/USDT,2025-08-29,2025-09-22,214.54,220.38,3.558364,19.61,0.201,donchian_exit
BTC/USDT,2025-10-02,2025-10-10,118654.29,112774.5,0.019175,-115.99,-1.184,stop_loss
ETH/USDT,2025-10-07,2025-10-10,4686.36,3829.72,0.289754,-249.88,-2.455,stop_loss
BNB/USDT,2025-08-23,2025-11-03,900.65,993.54,1.360433,124.34,1.26,donchian_exit
ETH/USDT,2025-12-10,2025-12-17,3319.7,2833.49,0.242393,-118.88,-1.267,stop_loss
XRP/USDT,2026-01-05,2026-01-18,2.09,1.99,545.55331,-56.43,-0.609,donchian_exit
SOL/USDT,2026-01-06,2026-01-19,137.98,133.44,7.661571,-36.31,-0.384,donchian_exit
BTC/USDT,2026-01-05,2026-01-20,91575.5,88427.66,0.018859,-61.87,-0.668,donchian_exit
ETH/USDT,2026-01-06,2026-01-20,3226.6,2939.88,0.40906,-119.09,-1.258,stop_loss
BNB/USDT,2026-01-05,2026-01-20,895.88,884.2,1.740998,-22.64,-0.244,donchian_exit
ETH/USDT,2026-03-17,2026-03-21,2354.15,2084.87,0.360078,-98.09,-1.088,stop_loss
BNB/USDT,2026-03-05,2026-03-21,658.33,630.7,1.406362,-40.19,-0.448,donchian_exit
BTC/USDT,2026-03-05,2026-03-22,72703.1,67859.0,0.012184,-60.26,-0.672,donchian_exit
XRP/USDT,2026-03-17,2026-03-22,1.54,1.38,597.725629,-96.2,-1.067,stop_loss
SOL/USDT,2026-03-17,2026-03-27,96.24,83.11,8.149846,-108.01,-1.198,stop_loss
XRP/USDT,2026-04-17,2026-04-28,1.45,1.38,765.014877,-57.6,-0.671,donchian_exit
ETH/USDT,2026-04-12,2026-05-15,2286.14,2224.66,0.410527,-26.61,-0.311,donchian_exit
BTC/USDT,2026-04-14,2026-05-16,74455.21,78148.05,0.016412,58.68,0.683,donchian_exit
SOL/USDT,2026-04-17,2026-05-17,89.1,85.24,9.589284,-38.28,-0.446,donchian_exit
XRP/USDT,2026-05-11,2026-05-19,1.47,1.36,967.773948,-110.98,-1.263,stop_loss
BNB/USDT,2026-04-17,2026-06-03,636.09,620.63,2.202179,-36.09,-0.42,donchian_exit
SOL/USDT,2026-07-02,2026-07-13,77.5,75.01,9.339551,-24.29,-0.291,donchian_exit
ETH/USDT,2026-07-15,2026-08-01,1892.82,1844.94,0.531067,-26.9,-0.324,donchian_exit
