open,high,low,close,volume,date
40.3994,44.3366,40.0449,42.5414,4734.9821,2021-04-15
42.5847,43.2374,38.5197,41.9447,8758.0327,2021-04-16
41.9574,44.0918,39.8469,39.9088,8179.16,2021-04-17
39.9135,40.3355,29.6931,39.1194,3946.39,2021-04-18
39.0687,41.9783,34.8508,35.764,3524.7978,2021-04-19
35.8223,39.3296,33.2428,38.9815,9565.3156,2021-04-20
39.0498,39.462,35.9359,36.2797,1851.5473,2021-04-21
36.2434,40.7508,33.7865,35.2083,1447.8849,2021-04-22
35.1463,35.9428,30.3395,35.176,2780.0786,2021-04-23
35.2093,35.2506,31.0338,31.2095,1251.5098,2021-04-24
31.2385,33.4239,29.8605,31.693,986.4876,2021-04-25
31.6707,35.24,31.4071,35.0936,968.6998,2021-04-26
35.078,37.5922,34.5101,36.7753,4001.6796,2021-04-27
36.7766,37.7788,35.0163,36.2355,5422.8715,2021-04-28
36.2411,37.3793,35.0184,36.4384,4658.48,2021-04-29
36.4678,38.7632,35.8393,38.1265,5082.423,2021-04-30
38.1199,41.2149,37.5523,41.1025,2750.5729,2021-05-01
41.3387,41.4249,38.7706,39.482,2426.7368,2021-05-02
39.476,42.7225,39.3119,42.167,1926.1194,2021-05-03
42.053,48.476,38.9654,45.5639,1536.4447,2021-05-04
45.644,51.028,45.1456,49.384,1208.9404,2021-05-05
49.384,49.799,45.371,47.155,8358.0124,2021-05-06
47.14,51.945,45.739,49.117,7327.9051,2021-05-07
49.201,50.241,46.5161,48.598,41849.0222,2021-05-08
48.6048,52.4373,45.9482,52.314,64297.593,2021-05-09
52.2505,52.9947,40.6378,46.3353,64647.3551,2021-05-10
46.3504,48.952,44.5699,48.809,66468.225,2021-05-11
48.82,49.878,41.0003,41.6107,80394.0653,2021-05-12
41.6278,44.9911,39.211,43.3083,43491.2693,2021-05-13
43.2947,47.9185,42.8678,46.5164,49319.2992,2021-05-14
46.5634,47.8681,40.9437,41.4611,73470.9315,2021-05-15
41.4891,44.6908,37.9091,40.6255,63030.5282,2021-05-16
40.6796,40.7281,34.9996,37.1909,42487.9762,2021-05-17
37.2312,44.7304,36.635,42.599,56912.7919,2021-05-18
42.4944,43.5377,20.5903,26.3255,47041.6884,2021-05-19
26.1568,33.0851,22.5436,30.5543,59444.6666,2021-05-20
30.6244,32.0102,22.0301,25.5664,32623.9818,2021-05-21
25.5571,26.2495,22.2344,23.3042,64757.8564,2021-05-22
23.304,24.4208,14.9804,19.8152,66661.2792,2021-05-23
19.883,26.5003,19.6967,26.3851,44678.1526,2021-05-24
26.4829,27.7,23.6399,27.5096,30468.3178,2021-05-25
27.4419,34.3052,26.8505,33.9818,23844.4934,2021-05-26
34.0585,35.3856,30.0266,31.6997,39057.7158,2021-05-27
29.8495,33.6142,29.5135,33.5236,65671.1266,2021-09-05
33.513,36.3703,32.5495,34.8376,58691.1083,2021-09-06
34.8376,35.3743,23.9336,28.2041,39108.6483,2021-09-07
28.2041,29.2067,25.1835,27.189,32313.2465,2021-09-08
27.189,30.1387,26.5005,27.9985,27391.3523,2021-09-09
27.9985,29.5825,25.6136,26.4145,57189.9585,2021-09-10
26.4145,27.7212,26.2463,26.9579,45533.3407,2021-09-11
26.9579,29.7598,26.3513,29.4785,34441.0618,2021-09-12
29.4785,29.9309,25.2325,26.9677,41162.0504,2021-09-13
26.9677,30.8621,26.7012,30.8565,72034.607,2021-09-14
30.8565,31.4667,29.5664,30.6823,75334.6935,2021-09-15
30.6823,32.141,29.0199,29.7984,75576.3827,2021-09-16
29.7984,30.1509,27.3583,27.7353,63332.4304,2021-09-17
27.7353,29.4737,27.3727,28.3656,72481.7003,2021-09-18
28.3656,28.8258,26.9313,27.3878,45888.5623,2021-09-19
27.3878,27.4454,23.0211,23.5775,28606.7345,2021-09-20
23.5775,24.368,20.8162,21.3885,37842.7541,2021-09-21
21.3885,24.531,21.0115,24.4374,47736.2354,2021-09-22
24.4374,25.5062,23.3798,25.4435,39528.1471,2021-09-23
25.4435,25.5152,21.44,23.2911,37497.5582,2021-09-24
23.2911,24.7238,22.0238,24.5203,32259.9957,2021-09-25
24.5203,25.3594,22.3366,24.6306,57301.1036,2021-09-26
24.6306,25.4912,22.9517,23.0178,72674.6729,2021-09-27
23.0178,23.7643,22.0007,22.0694,53667.9398,2021-09-28
22.0694,23.9448,22.0003,22.8361,57304.0156,2021-09-29
22.8361,24.41,22.7021,23.9996,40277.028,2021-09-30
23.9996,26.6905,23.5715,26.3414,41063.3982,2021-10-01
26.3414,27.8326,25.8041,26.9209,42267.9325,2021-10-02
26.9209,28.1874,26.4988,27.5728,45906.8941,2021-10-03
27.5728,27.6897,25.5856,26.6075,52371.7483,2021-10-04
26.6075,27.5102,26.1972,27.2088,39957.0458,2021-10-05
27.2088,28.1995,25.2035,26.7954,59335.7387,2021-10-06
26.7954,27.7114,25.8806,26.7843,71930.4667,2021-10-07
26.7843,27.4838,26.1245,26.3695,75812.1555,2021-10-08
26.3695,27.8556,26.0502,27.4565,63648.3988,2021-10-09
27.4565,27.5012,25.4361,25.5364,49956.125,2021-10-10
25.5364,26.7754,24.6213,25.2325,61177.2593,2021-10-11
25.2325,25.2687,23.5176,24.6322,41917.1405,2021-10-12
24.6322,25.6919,24.149,25.634,53542.09,2021-10-13
25.634,27.9007,25.362,26.6871,36498.9429,2021-10-14
26.6871,27.408,25.9861,27.0321,32832.9385,2021-10-15
27.0321,28.6885,26.9125,27.2113,57010.7406,2021-10-16
27.2113,27.6407,25.6165,26.5139,45294.3564,2021-10-17
26.5139,26.7727,25.2384,25.6649,35611.1388,2021-10-18
25.6649,26.3025,25.3447,25.9228,46609.959,2021-10-19
25.9228,27.6647,25.8292,27.4826,45298.9041,2021-10-20
27.4826,29.3281,27.2086,28.2644,64392.0393,2021-10-21
28.2644,30.0481,28.0423,28.6991,52639.9053,2021-10-22
28.6991,31.4699,28.2888,31.3829,42615.0062,2021-10-23
31.3829,31.5485,28.7444,29.6935,62398.0659,2021-10-24
29.6935,32.8994,29.5036,32.3499,40486.2652,2021-10-25
32.3499,33.7598,31.2851,32.5051,56480.752,2021-10-26
32.5051,33.9434,27.9187,28.8363,37874.9003,2021-10-27
28.8363,30.8048,28.6215,30.2066,45777.1144,2021-10-28
30.2066,31.9955,29.9519,30.9625,43027.1489,2021-10-29
30.9625,31.1643,29.126,29.7817,45419.0414,2021-10-30
29.7817,30.7029,28.6413,29.9753,38817.1991,2021-10-31
29.9753,31.8979,29.129,31.6824,41113.6271,2021-11-01
31.6824,32.6732,30.9738,32.2982,33793.9452,2021-11-02
32.2982,32.7984,30.5309,31.9052,22104.2081,2021-11-03
31.9052,32.1389,30.1853,30.938,56490.9427,2021-11-04
30.938,33.7235,30.623,32.8949,41813.2833,2021-11-05
32.8949,33.2298,30.7137,31.9971,33484.9987,2021-11-06
31.9971,32.6304,31.6737,32.3151,66177.4182,2021-11-07
32.3151,34.8513,32.1481,34.4623,48075.8007,2021-11-08
34.4623,35.6465,33.3476,33.8139,32773.5964,2021-11-09
33.8139,38.2672,31.9204,34.2576,31293.6217,2021-11-10
34.2576,36.9303,33.3961,34.7313,58703.0154,2021-11-11
34.7313,35.4493,32.7141,34.2688,70316.1074,2021-11-12
34.2688,34.5783,33.1986,33.9958,46042.0078,2021-11-13
33.9958,34.4191,32.5388,33.7452,71030.3739,2021-11-14
33.7452,34.5075,31.989,32.0439,47337.8173,2021-11-15
32.0439,32.0601,28.0172,29.1459,53365.2437,2021-11-16
29.1459,29.743,28.0461,29.1994,53609.8978,2021-11-17
29.1994,29.6976,25.855,26.5611,34887.953,2021-11-18
26.5611,28.8495,26.0877,28.2642,55792.1817,2021-11-19
28.2642,28.7173,27.2712,28.3602,48193.0857,2021-11-20
28.3602,29.2388,27.6916,29.0125,58228.1577,2021-11-21
29.0125,29.076,26.31,26.7661,70235.8556,2021-11-22
26.7661,27.5676,26.1794,26.9415,68699.2424,2021-11-23
26.9415,27.1513,25.1631,25.5764,61180.6674,2021-11-24
25.5764,27.596,25.383,26.3874,44368.0953,2021-11-25
26.3874,26.5744,22.9288,23.9645,63675.2323,2021-11-26
23.9645,24.9534,23.7789,24.0928,56183.9113,2021-11-27
24.0928,24.9798,22.6691,24.8408,60289.1445,2021-11-28
24.8408,25.5703,24.5589,24.9895,48401.5109,2021-11-29
24.9895,26.5096,24.1595,25.3027,29943.6581,2021-11-30
25.3027,26.8994,24.9849,25.3318,66640.2497,2021-12-01
25.3318,25.3414,24.1946,24.5399,71644.1826,2021-12-02
24.5399,25.8391,22.4955,23.3301,60205.2913,2021-12-03
23.3301,23.3359,15.2804,20.6549,38923.7848,2021-12-04
20.6549,20.924,18.4815,19.4859,30154.0047,2021-12-05
19.4859,19.9281,17.2245,19.8164,53421.4056,2021-12-06
19.8164,21.1587,19.7062,21.0847,29996.3025,2021-12-07
21.0847,23.1857,20.759,22.8997,42625.4025,2021-12-08
22.8997,23.0508,20.2603,20.2716,37803.423,2021-12-09
20.2716,20.8767,18.4812,18.5564,52785.1981,2021-12-10
18.5564,20.196,18.1768,19.9399,38173.7365,2021-12-11
19.9399,20.7883,19.2272,20.4116,29895.3146,2021-12-12
20.4116,20.5618,17.3109,17.7809,43578.7355,2021-12-13
17.7809,18.6028,17.4441,18.4511,33502.8996,2021-12-14
18.4511,19.9741,17.2664,19.6884,33228.3232,2021-12-15
19.6884,20.3222,18.695,18.7647,45694.8584,2021-12-16
18.7647,19.2243,17.7572,18.2627,62148.1859,2021-12-17
18.2627,19.9788,17.8167,19.5351,49204.0308,2021-12-18
19.5351,20.3604,18.8067,18.8716,39161.7906,2021-12-19
18.8716,19.1954,18.0431,18.781,25747.7841,2021-12-20
18.781,19.6604,18.3681,19.4259,60341.5134,2021-12-21
19.4259,20.8111,19.2098,19.9229,74967.6849,2021-12-22
19.9229,22.2194,19.5673,22.1407,56010.4519,2021-12-23
22.1407,22.6513,21.2145,21.4698,35625.3413,2021-12-24
21.4698,22.385,21.2932,22.1005,21945.491,2021-12-25
22.1005,23.5653,21.1172,22.9653,41623.7594,2021-12-26
22.9653,24.4759,22.7609,23.0071,39106.3416,2021-12-27
23.0071,23.0173,20.3317,20.3676,50935.4176,2021-12-28
20.3676,20.9698,19.5476,19.7414,31588.0844,2021-12-29
19.7414,20.4291,19.1728,19.937,43834.8848,2021-12-30
19.937,20.6262,19.0453,19.5098,47065.6104,2021-12-31
19.5098,20.76,19.5098,20.7547,40051.5582,2022-01-01
20.7547,22.1999,20.5737,21.8687,43431.3076,2022-01-02
21.8687,23.7541,21.26,23.7179,29688.4606,2022-01-03
23.7179,24.4727,22.7881,23.4293,38714.8445,2022-01-04
23.4293,27.443,22.3863,25.1926,58856.4513,2022-01-05
25.1926,25.9752,23.3438,25.3873,58330.2701,2022-01-06
25.3873,27.305,22.6698,25.9689,43605.2016,2022-01-07
25.9689,27.3222,23.57,25.3235,71231.8826,2022-01-08
25.3235,28.6505,25.1089,27.5314,71583.0546,2022-01-09
27.5314,28.4917,25.0956,27.9858,75918.8657,2022-01-10
27.9858,28.6899,25.8828,26.5972,67691.5617,2022-01-11
26.5972,27.2366,25.627,26.7665,41221.3212,2022-01-12
26.7665,26.7665,24.4496,24.8835,51986.6963,2022-01-13
24.8835,25.8787,23.9145,25.7148,130770.3509,2022-01-14
25.7148,26.2092,25.1275,25.1756,176961.0624,2022-01-15
25.1756,26.3413,24.6671,25.5071,126184.27,2022-01-16
25.5071,25.6251,23.276,23.7904,58818.7864,2022-01-17
23.7904,24.3409,22.0483,22.9656,55313.0592,2022-01-18
22.9656,23.1543,21.2159,21.5545,81360.0285,2022-01-19
21.5545,22.9804,20.0345,20.1805,73362.3115,2022-01-20
20.1805,20.506,17.1122,17.437,74154.0505,2022-01-21
17.437,17.8152,14.2554,15.8454,78627.1764,2022-01-22
15.8454,16.8421,15.1568,16.6303,55362.8989,2022-01-23
16.6303,16.6475,13.4987,15.5905,37895.4634,2022-01-24
15.5905,16.0277,14.5951,15.4983,33009.5831,2022-01-25
15.4983,16.7887,14.6881,15.2169,38760.0092,2022-01-26
15.2169,15.7082,14.2925,15.221,70738.368,2022-01-27
15.221,16.2835,14.741,16.1464,56033.7129,2022-01-28
16.1464,16.7407,15.9589,16.2087,72560.044,2022-01-29
16.2087,18.0852,16.0209,17.7631,49193.2062,2022-01-30
17.7631,17.8721,16.4743,17.1542,69337.6707,2022-01-31
17.1542,17.8748,16.8302,16.9861,57277.8847,2022-02-01
16.9861,17.38,15.5749,15.7817,51905.3584,2022-02-02
15.7817,16.3154,15.2639,16.2885,61025.1116,2022-02-03
16.2885,17.5406,16.0134,17.5209,78688.5247,2022-02-04
17.5209,18.3129,17.4154,17.761,56859.5815,2022-02-05
17.761,18.1742,17.1862,18.0593,65467.2763,2022-02-06
18.0593,19.3973,17.6609,18.869,44099.4107,2022-02-07
18.869,19.5306,17.7473,18.3812,26966.4054,2022-02-08
18.3812,18.7453,17.7427,18.675,12500.2926,2022-02-09
18.675,18.7588,17.3509,17.4968,13015.7832,2022-02-10
17.4968,17.8105,15.9163,16.2117,12761.5701,2022-02-11
16.2117,16.3848,15.5657,15.9476,11480.0347,2022-02-12
15.9476,16.3378,15.5338,15.6004,8116.6998,2022-02-13
15.6004,16.1209,15.2013,15.9031,10354.0568,2022-02-14
15.9031,17.4475,15.8092,17.3434,15924.6947,2022-02-15
17.3434,17.4106,16.5099,17.1162,8285.4055,2022-02-16
17.1162,17.4484,15.457,15.5835,5004.7622,2022-02-17
15.5835,16.0432,15.0311,15.174,7504.3934,2022-02-18
15.174,15.6754,14.8319,15.5046,7041.0667,2022-02-19
15.5046,15.5334,14.4108,14.6065,8618.0808,2022-02-20
14.6065,15.3092,13.3968,13.5023,7285.859,2022-02-21
13.5023,14.1821,13.032,13.982,6141.1348,2022-02-22
13.982,14.659,13.2975,13.3386,5613.6129,2022-02-23
13.3386,13.9352,11.4103,13.2689,5745.9637,2022-02-24
13.2689,14.494,13.074,14.366,4462.83,2022-02-25
14.366,15.0287,14.0983,14.718,5446.972,2022-02-26
14.718,14.855,13.4748,13.6396,6735.1461,2022-02-27
13.6396,15.1609,13.3236,15.1318,6674.607,2022-02-28
15.1318,15.7336,14.7299,15.3481,8238.5576,2022-03-01
15.3481,15.8644,14.9239,15.2884,10085.7993,2022-03-02
15.2884,15.3739,14.4705,14.9024,6570.8322,2022-03-03
14.9024,14.9739,13.5528,13.7391,9402.0758,2022-03-04
13.7391,14.2713,13.4195,14.028,4487.2132,2022-03-05
14.028,14.1205,13.2535,13.3122,5622.0072,2022-03-06
13.3122,13.6672,12.4253,12.6797,4440.5818,2022-03-07
12.6797,13.5538,12.5794,13.0811,5106.191,2022-03-08
13.0811,14.4458,13.0627,14.0079,15022.3477,2022-03-09
14.0079,14.1073,12.9796,13.1718,10862.4374,2022-03-10
13.1718,13.6536,12.8104,13.0505,6654.616,2022-03-11
13.0505,13.4524,13.0272,13.1564,7825.1833,2022-03-12
13.1564,13.4351,12.5872,12.709,7551.9572,2022-03-13
12.709,13.4417,12.6039,13.404,9107.445,2022-03-14
13.404,13.8049,12.8822,13.6995,6102.7224,2022-03-15
13.6995,14.7713,13.6619,14.6661,35556.0034,2022-03-16
14.6661,14.9111,14.2346,14.3993,9167.9691,2022-03-17
14.3993,15.2581,14.1205,15.0192,6639.0149,2022-03-18
15.0192,15.3968,14.8354,14.9953,5365.6839,2022-03-19
14.9953,15.1217,14.4328,14.5585,5886.4098,2022-03-20
14.5585,15.2658,14.3022,15.0013,6108.457,2022-03-21
15.0013,15.8497,14.9785,15.4221,6037.3897,2022-03-22
15.4221,15.9467,15.1346,15.8354,6498.4682,2022-03-23
6.0713,6.2859,5.98,6.221,584216.1563,2022-07-02
6.221,6.2439,6.0163,6.2163,652971.1154,2022-07-03
6.2163,6.4574,6.0201,6.4364,1047972.1193,2022-07-04
6.4364,6.553,6.0551,6.3067,1201853.4126,2022-07-05
6.3067,6.42,6.1715,6.3335,1240866.133,2022-07-06
6.3335,6.7493,6.3091,6.637,1129682.9774,2022-07-07
6.637,6.8245,6.3295,6.3543,1139920.47,2022-07-08
6.3543,6.5847,6.3476,6.4839,1046572.3364,2022-07-09
6.4839,6.487,6.1107,6.1931,843402.605,2022-07-10
6.1931,6.4278,5.984,6.041,794230.819,2022-07-11
6.041,6.237,5.9263,5.9474,737810.4643,2022-07-12
5.9474,6.1897,5.7049,6.1751,704586.1512,2022-07-13
6.1751,6.3852,5.9952,6.2734,643071.515,2022-07-14
6.2734,6.4563,6.1244,6.3234,656912.4648,2022-07-15
6.3234,6.6165,6.1435,6.5962,657736.9087,2022-07-16
6.5962,6.7141,6.321,6.3461,608892.3298,2022-07-17
6.3461,7.1437,6.3278,7.042,700655.2676,2022-07-18
7.042,7.368,6.735,7.2567,921728.6233,2022-07-19
7.2567,7.5743,6.8334,6.8673,705459.7003,2022-07-20
6.8673,7.0483,6.6523,6.9942,701975.4848,2022-07-21
6.9942,7.2829,6.748,6.7834,537768.5089,2022-07-22
6.7834,7.0286,6.6123,6.8468,467044.9819,2022-07-23
6.8468,7.2469,6.8444,7.0937,403925.4211,2022-07-24
7.0937,7.1445,6.4134,6.4277,361768.9533,2022-07-25
6.4277,6.449,6.079,6.3427,436175.0892,2022-07-26
6.3427,6.87,6.1883,6.8603,393904.0086,2022-07-27
6.8603,7.296,6.6808,7.218,604560.2987,2022-07-28
7.218,8.1148,7.1158,7.8801,559593.8494,2022-07-29
7.8801,8.2064,7.6749,7.8198,464527.4904,2022-07-30
7.8198,8.091,7.577,7.6548,346903.3512,2022-07-31
7.6548,7.88,7.4072,7.5705,335775.8736,2022-08-01
7.5705,7.6624,7.0195,7.1719,320700.212,2022-08-02
7.1719,7.6384,7.0512,7.2846,404702.7718,2022-08-03
7.2846,7.5403,7.1762,7.3622,336690.8502,2022-08-04
7.3622,7.8952,7.3492,7.879,331732.1516,2022-08-05
7.879,8.1033,7.7386,7.7977,302143.584,2022-08-06
7.7977,8.3688,7.659,8.3435,198528.4051,2022-08-07
8.3435,8.7788,8.2242,8.6081,242024.6878,2022-08-08
8.6081,8.9509,8.2768,8.7417,209904.9569,2022-08-09
8.7417,9.3,8.2983,9.0575,293777.7869,2022-08-10
9.0575,9.2276,8.8353,8.9589,366895.1328,2022-08-11
8.9589,9.4977,8.7998,9.3251,326286.6227,2022-08-12
9.3251,9.484,9.0578,9.1472,294858.4739,2022-08-13
9.1472,9.367,8.6777,8.7684,267370.0101,2022-08-14
8.7684,9.0557,8.496,8.6483,304425.5525,2022-08-15
8.6483,8.8247,8.3742,8.4486,280809.341,2022-08-16
8.4486,8.7422,7.9888,8.0551,271724.3997,2022-08-17
8.0551,8.2409,7.6178,7.6485,211711.2471,2022-08-18
7.6485,7.6943,6.816,6.8973,305419.963,2022-08-19
6.8973,7.203,6.6713,6.8987,340342.6073,2022-08-20
6.8987,7.168,6.8785,7.0797,298381.7793,2022-08-21
7.0797,7.085,6.6803,7.0423,320618.9471,2022-08-22
7.0423,7.354,6.7735,7.2409,314243.8905,2022-08-23
7.2409,7.3755,7.016,7.12,295865.1068,2022-08-24
7.12,7.3748,7.0076,7.1307,253999.2019,2022-08-25
7.1307,7.1851,6.4048,6.5032,266400.4058,2022-08-26
6.5032,6.6082,6.416,6.5321,290661.3034,2022-08-27
6.5321,6.6333,6.2268,6.2524,190294.1476,2022-08-28
6.2524,6.7329,6.1961,6.7029,204774.1961,2022-08-29
6.7029,6.8229,6.3691,6.5585,179312.1344,2022-08-30
6.5585,6.8941,6.5449,6.6256,238968.5741,2022-08-31
6.6256,6.9574,6.4461,6.9225,193699.839,2022-09-01
6.9225,7.224,6.7875,6.9279,171606.02,2022-09-02
6.9279,6.9664,6.7234,6.8581,168552.7669,2022-09-03
6.8581,7.2709,6.789,7.1568,102471.0008,2022-09-04
7.1568,7.416,7.0946,7.3717,129131.2257,2022-09-05
7.3717,7.5375,6.5795,6.6579,156702.885,2022-09-06
6.6579,7.1504,6.5739,7.0814,191480.6161,2022-09-07
7.0814,7.505,7.0034,7.4028,221460.779,2022-09-08
7.4028,8.0992,7.3879,7.7369,274815.68,2022-09-09
7.7369,8.0338,7.6174,7.9035,267330.4044,2022-09-10
7.9035,8.1721,7.7327,8.0322,207950.6689,2022-09-11
8.0322,8.3022,7.6116,7.7649,251831.5921,2022-09-12
7.7649,7.9582,7.0195,7.0296,253741.3785,2022-09-13
7.0296,7.5397,6.9836,7.4592,360973.1795,2022-09-14
7.4592,7.6028,7.0109,7.5736,301410.9445,2022-09-15
7.5736,7.7995,7.4162,7.6581,326426.0851,2022-09-16
7.6581,8.1455,7.6378,8.0883,223879.094,2022-09-17
8.0883,8.1391,7.4125,7.5283,125688.7551,2022-09-18
7.5283,7.6802,7.0039,7.2946,69005.0633,2022-09-19
7.2946,7.3411,6.8126,6.8836,42260.6343,2022-09-20
6.8836,7.31,6.5169,6.6794,48284.0739,2022-09-21
6.6794,7.1794,6.6389,7.1156,56358.0904,2022-09-22
7.1156,7.4897,6.9638,7.443,43144.9484,2022-09-23
7.443,7.8732,7.3695,7.6263,38362.8391,2022-09-24
7.6263,8.0794,7.5617,7.877,47949.8721,2022-09-25
7.877,7.9552,7.4633,7.9362,61361.1185,2022-09-26
7.9362,8.3963,7.6522,8.0609,88495.6634,2022-09-27
8.0609,8.541,7.75,7.7892,106717.8703,2022-09-28
7.7892,7.938,7.5793,7.8928,91359.1504,2022-09-29
7.8928,7.9205,7.5098,7.5865,106792.6015,2022-09-30
7.5865,7.6509,7.3119,7.3932,65045.9213,2022-10-01
7.3932,7.5485,7.0971,7.1177,38018.4437,2022-10-02
7.1177,7.3543,7.0147,7.324,58419.4799,2022-10-03
7.324,7.8333,7.3214,7.7173,49939.2052,2022-10-04
7.7173,7.9435,7.5823,7.8708,51868.5532,2022-10-05
7.8708,7.9423,7.5935,7.6344,48469.0554,2022-10-06
7.6344,7.8045,7.4717,7.6113,54464.2632,2022-10-07
7.6113,7.6628,7.3372,7.4614,46403.7463,2022-10-08
7.4614,7.6596,7.4143,7.6343,41022.58,2022-10-09
7.6343,7.7396,7.3305,7.3379,44748.3359,2022-10-10
7.3379,7.3873,7.0623,7.1343,55146.2658,2022-10-11
7.1343,7.2777,7.095,7.1439,49566.6541,2022-10-12
7.1439,7.16,6.3113,7.0278,82691.239,2022-10-13
7.0278,7.2545,6.8024,6.8927,94434.2895,2022-10-14
6.8927,6.9921,6.818,6.8884,94993.1526,2022-10-15
6.8884,7.2355,6.8694,7.173,60599.5648,2022-10-16
7.173,7.3812,7.0615,7.3374,30494.0942,2022-10-17
7.3374,7.3762,6.9682,7.1322,26400.7124,2022-10-18
7.1322,7.138,6.7138,6.7713,25646.6918,2022-10-19
6.7713,6.9162,6.606,6.6529,40478.321,2022-10-20
6.6529,6.8497,6.4502,6.8029,56950.1764,2022-10-21
6.8029,6.9352,6.7201,6.864,51078.1112,2022-10-22
6.864,7.0923,6.8017,7.0708,35371.5175,2022-10-23
7.0708,7.0908,6.7886,6.9081,47167.8698,2022-10-24
6.9081,7.2796,6.8134,7.0637,41494.2971,2022-10-25
7.0637,7.2914,7.0349,7.158,67762.2649,2022-10-26
7.158,7.3668,6.8602,6.8888,46901.9083,2022-10-27
6.8888,7.2056,6.8348,7.1124,72934.317,2022-10-28
7.1124,7.6588,7.0797,7.6312,62064.2364,2022-10-29
7.6312,7.9308,7.5005,7.7869,42494.4373,2022-10-30
7.7869,8.3358,7.6621,7.8622,51067.8076,2022-10-31
7.8622,7.9226,7.6281,7.6855,47420.6993,2022-11-01
7.6855,7.9935,7.3374,7.4436,57797.4841,2022-11-02
7.4436,8.0238,7.3868,7.7197,65591.3562,2022-11-03
7.7197,8.8916,7.6565,8.7276,54514.0123,2022-11-04
8.7276,8.9983,8.5642,8.6656,62517.0671,2022-11-05
8.6656,8.7749,8.0938,8.1055,72889.7753,2022-11-06
8.1055,9.2486,7.9003,8.9556,93707.6986,2022-11-07
8.9556,9.4641,6.574,7.7051,154665.5839,2022-11-08
7.7051,7.908,5.7752,6.2334,82829.3997,2022-11-09
6.2334,7.5013,6.0952,7.211,81797.091,2022-11-10
7.211,7.3443,6.5193,7.0316,78098.1618,2022-11-11
7.0316,7.0587,6.1927,6.2727,120698.7763,2022-11-12
6.2727,6.5459,5.9595,6.0723,77921.5432,2022-11-13
6.0723,6.4417,5.7004,6.2924,93373.7246,2022-11-14
6.2924,6.6742,6.208,6.4242,95810.1076,2022-11-15
6.4242,6.5669,6.0726,6.181,112068.6935,2022-11-16
6.181,6.3465,6.0264,6.225,94390.1807,2022-11-17
6.225,6.4174,6.0644,6.1828,106609.2933,2022-11-18
6.1828,6.2207,6.0058,6.1391,89164.0077,2022-11-19
6.1391,6.252,5.7096,5.7729,98080.4079,2022-11-20
5.7729,5.8969,5.5326,5.8731,145750.2869,2022-11-21
5.8731,6.4688,5.8401,6.4109,163321.9168,2022-11-22
6.4109,6.8092,6.3393,6.7061,146191.028,2022-11-23
6.7061,6.967,6.5841,6.8302,170381.9049,2022-11-24
6.8302,6.9899,6.6642,6.839,160182.8014,2022-11-25
6.839,7.2808,6.8209,7.1454,177633.9136,2022-11-26
7.1454,7.279,6.8676,6.8997,97281.4141,2022-11-27
6.8997,7.3355,6.5323,7.1962,138395.6402,2022-11-28
7.1962,7.51,7.1369,7.3181,142779.2249,2022-11-29
7.3181,7.7546,7.2737,7.6804,137318.8798,2022-11-30
7.6804,7.8104,7.4519,7.6778,124385.6911,2022-12-01
7.6778,7.726,7.4899,7.6055,89442.9395,2022-12-02
7.6055,7.6232,7.2116,7.23,86662.4576,2022-12-03
7.23,7.4656,7.1928,7.4451,84515.975,2022-12-04
7.4451,7.5907,7.167,7.2722,101861.0229,2022-12-05
7.2722,7.3332,6.9677,7.1405,95128.2673,2022-12-06
7.1405,7.1498,6.7751,6.8876,117323.9105,2022-12-07
6.8876,7.0598,6.7812,7.001,94501.7988,2022-12-08
7.001,7.0498,6.8001,6.8588,112657.266,2022-12-09
6.8588,6.9191,6.7086,6.8598,73765.6811,2022-12-10
6.8598,6.9543,6.6667,6.7024,69129.7637,2022-12-11
6.7024,6.7221,6.4722,6.7035,127003.3431,2022-12-12
6.7035,7.0462,6.4688,6.9315,136339.5379,2022-12-13
6.9315,6.9616,6.6945,6.7197,130339.6395,2022-12-14
6.7197,6.7327,6.3947,6.4561,127180.158,2022-12-15
6.4561,6.5413,5.7795,5.8924,113702.8049,2022-12-16
5.8924,6.058,5.7893,6.0246,122688.1085,2022-12-17
6.0246,6.0587,5.9171,5.9494,86333.174,2022-12-18
5.9494,6.0666,5.6775,5.7913,79788.0288,2022-12-19
5.7913,6.1191,5.7498,6.0134,106466.7758,2022-12-20
6.0134,6.0448,5.8854,5.9918,89604.9207,2022-12-21
5.9918,6.0394,5.8569,6.0036,217265.3309,2022-12-22
6.0036,6.0512,5.9224,5.939,278641.0299,2022-12-23
5.939,5.9632,5.8811,5.9155,191418.8818,2022-12-24
5.9155,5.9975,5.8902,5.9903,146116.7548,2022-12-25
5.9903,6.0466,5.9395,6.0462,186901.1109,2022-12-26
6.0462,6.0666,5.8583,5.9055,180351.7884,2022-12-27
5.9055,5.9133,5.6285,5.6746,245289.6929,2022-12-28
5.6746,5.7263,5.5068,5.6027,260441.4392,2022-12-29
5.6027,5.6419,5.4171,5.474,290121.3951,2022-12-30
5.474,5.6269,5.392,5.5751,242772.0687,2022-12-31
5.5751,5.6381,5.5096,5.6315,168720.109,2023-01-01
5.6315,5.7553,5.552,5.6909,239711.4364,2023-01-02
5.6909,5.7197,5.5737,5.6223,226276.6579,2023-01-03
5.6223,5.8506,5.6095,5.81,306630.9426,2023-01-04
5.81,5.8171,5.6113,5.6623,288634.943,2023-01-05
5.6623,5.7258,5.5333,5.7133,245196.6449,2023-01-06
5.7133,5.8409,5.6925,5.8292,241811.0569,2023-01-07
5.8292,5.9692,5.7548,5.9632,160244.7127,2023-01-08
5.9632,6.2526,5.9334,6.066,319521.45,2023-01-09
6.066,6.2997,5.9771,6.1643,315263.6054,2023-01-10
6.1643,6.3035,6.0161,6.2826,273400.0374,2023-01-11
6.2826,6.4075,6.0809,6.3841,321836.6423,2023-01-12
6.3841,6.6179,6.2596,6.6039,330398.1373,2023-01-13
6.6039,7.104,6.4659,6.8576,438018.2542,2023-01-14
6.8576,6.9259,6.6001,6.6965,416192.1595,2023-01-15
6.6965,6.9485,6.4201,6.6705,374195.1427,2023-01-16
6.6705,6.9926,6.55,6.8058,275335.5633,2023-01-17
6.3381,6.5426,6.3154,6.5066,396333.1746,2023-01-19
6.5066,6.9695,6.4192,6.9465,339265.1983,2023-01-20
6.9465,7.1096,6.8178,6.8532,379204.2826,2023-01-21
6.8532,7.2681,6.7891,6.9843,332317.2832,2023-01-22
6.9843,7.2327,6.8636,7.014,284697.2058,2023-01-23
7.014,7.1994,6.5534,6.6635,261919.8959,2023-01-24
6.6635,7.0949,6.5159,6.9559,331450.7533,2023-01-25
6.9559,7.3047,6.83,7.1684,399267.8689,2023-01-26
7.1684,7.4916,6.9296,7.3777,237055.2291,2023-01-27
7.3777,7.5061,7.1231,7.2103,230388.7717,2023-01-28
7.2103,7.5076,7.1432,7.3716,238184.2496,2023-01-29
7.3716,7.437,6.75,6.9147,451434.8188,2023-01-30
6.9147,7.0707,6.8594,6.9538,522752.5446,2023-01-31
6.9538,7.276,6.6742,7.2109,545182.6601,2023-02-01
7.2109,7.48,7.0397,7.1043,791363.8162,2023-02-02
7.1043,7.3377,7.0159,7.2905,729058.213,2023-02-03
7.2905,7.3598,7.1297,7.2386,613287.4434,2023-02-04
7.2386,7.251,6.8686,6.9801,537693.4634,2023-02-05
6.9801,7.0602,6.7687,6.8325,534018.6888,2023-02-06
6.8325,7.2114,6.8139,7.1988,520184.446,2023-02-07
7.1988,7.2992,6.9563,7.1338,575799.1993,2023-02-08
7.1338,7.8065,6.8297,6.9871,745965.9108,2023-02-09
6.9871,7.1168,6.7845,6.8917,651768.4613,2023-02-10
6.8917,7.0343,6.8541,7.0023,611097.9499,2023-02-11
7.0023,7.0835,6.6895,6.8112,487585.6854,2023-02-12
6.8112,6.8468,6.4286,6.6699,566339.2738,2023-02-13
6.6699,6.826,6.532,6.8061,759848.7131,2023-02-14
6.8061,7.3114,6.7253,7.2818,806566.1735,2023-02-15
7.2818,7.4887,7.0035,7.0116,998735.5515,2023-02-16
7.0116,7.7096,6.9708,7.659,1222416.1629,2023-02-17
7.659,8.2513,7.5032,7.9882,891872.0912,2023-02-18
7.9882,8.2891,7.8265,8.0173,621525.7965,2023-02-19
8.0173,8.3993,7.7321,8.0157,757784.4854,2023-02-20
8.0157,8.0733,7.5036,7.6387,724328.3823,2023-02-21
7.6387,7.7331,7.3068,7.7154,753431.5769,2023-02-22
7.7154,8.2041,7.674,7.9367,677431.5233,2023-02-23
7.9367,8.1442,7.2284,7.4672,540643.8425,2023-02-24
7.4672,7.4906,7.1774,7.3726,441934.8665,2023-02-25
7.3726,7.5449,7.2959,7.4969,236056.7092,2023-02-26
7.4969,7.5073,7.1292,7.2745,251805.3377,2023-02-27
7.2745,7.4193,7.0995,7.1918,280507.5298,2023-02-28
7.1918,7.5455,7.1499,7.5365,337192.4902,2023-03-01
7.5365,7.5815,7.1615,7.2756,303425.0548,2023-03-02
7.2756,7.278,6.6667,6.9577,368910.4069,2023-03-03
6.9577,7.0108,6.7099,6.8605,270833.9205,2023-03-04
6.8605,7.0147,6.8075,6.9481,208800.4384,2023-03-05
6.9481,6.9791,6.8196,6.8559,203431.6882,2023-03-06
6.8559,6.9741,6.6696,6.8856,231565.8198,2023-03-07
6.8856,6.9493,6.4938,6.5793,306493.0144,2023-03-08
6.5793,6.6911,6.0152,6.1582,360278.5245,2023-03-09
6.1582,6.2628,5.9,6.2138,659590.8571,2023-03-10
6.2138,6.3802,5.9205,6.1595,711419.6055,2023-03-11
6.1595,6.5636,6.0701,6.5499,757923.6762,2023-03-12
6.5499,6.8801,6.3952,6.7579,737127.5449,2023-03-13
6.7579,7.1991,6.6107,6.9621,721301.8958,2023-03-14
6.9621,7.106,6.3933,6.5453,659247.1852,2023-03-15
6.5453,6.6792,6.4471,6.6551,595675.5665,2023-03-16
6.6551,7.2563,6.6011,7.2101,571708.3145,2023-03-17
7.2101,7.2986,6.8491,6.9188,546372.9927,2023-03-18
6.9188,7.2827,6.9143,7.0824,488165.8757,2023-03-19
7.0824,7.432,6.9132,7.0521,576859.6396,2023-03-20
7.0521,7.4674,6.8408,7.3749,540642.3198,2023-03-21
7.3749,7.7127,7.0055,7.1741,527304.7156,2023-03-22
7.1741,7.6337,7.0882,7.6052,584650.2186,2023-03-23
7.6052,7.6547,7.1182,7.1908,554651.5165,2023-03-24
7.1908,7.2527,6.9688,7.0766,559324.9514,2023-03-25
7.0766,7.2897,7.0487,7.257,543535.7313,2023-03-26
7.257,7.2746,6.7502,6.8681,284226.1873,2023-03-27
6.8681,7.0449,6.7513,6.9473,326519.8886,2023-03-28
6.9473,7.4946,6.925,7.3834,318194.9825,2023-03-29
7.3834,7.5549,7.1373,7.2286,317556.7505,2023-03-30
7.2286,7.6696,7.2245,7.5895,303970.0242,2023-03-31
7.5895,7.6379,7.4423,7.5468,204735.6486,2023-04-01
7.5468,7.5497,7.1938,7.252,132587.8629,2023-04-02
7.252,7.4381,7.0268,7.2435,190149.475,2023-04-03
7.2435,7.4749,7.205,7.3731,244950.3291,2023-04-04
7.3731,7.6028,7.2158,7.3229,231841.3716,2023-04-05
7.3229,7.3344,7.1164,7.2007,239809.4476,2023-04-06
7.2007,7.3053,7.1066,7.2657,171678.8708,2023-04-07
7.2657,7.2963,7.0823,7.1292,167662.5443,2023-04-08
7.1292,7.2554,7.0571,7.2027,163568.0282,2023-04-09
7.2027,7.3647,7.132,7.3417,163493.7247,2023-04-10
7.3417,7.45,7.2784,7.3004,257413.1948,2023-04-11
7.3004,7.3736,7.1029,7.233,233082.3513,2023-04-12
7.233,7.543,7.171,7.4583,263445.5604,2023-04-13
7.4583,7.9,7.4562,7.741,309164.3313,2023-04-14
7.741,8.0811,7.6149,8.0069,243250.1736,2023-04-15
8.0069,8.1889,7.9024,8.138,204291.749,2023-04-16
8.138,8.2966,7.87,8.1544,223510.6829,2023-04-17
8.1544,8.793,8.0326,8.5749,242808.1897,2023-04-18
8.5749,8.6005,7.6328,7.7526,329936.6242,2023-04-19
7.7526,7.9655,7.4643,7.5153,350311.7994,2023-04-20
7.5153,7.603,7.0164,7.1139,345836.3584,2023-04-21
7.1139,7.2329,7.0787,7.1752,297236.1798,2023-04-22
7.1752,7.1761,6.873,7.0854,218890.0623,2023-04-23
7.0854,7.2655,7.01,7.0696,223901.1431,2023-04-24
7.0696,7.2991,6.9523,7.272,399396.2031,2023-04-25
7.272,7.4999,6.715,7.0057,687415.8133,2023-04-26
7.0057,7.2321,6.9846,7.1708,700402.3198,2023-04-27
7.1708,7.1864,6.9622,7.0415,498046.0787,2023-04-28
7.0415,7.2185,6.9923,7.1873,407978.3749,2023-04-29
7.1873,7.3023,7.0162,7.0162,332823.3578,2023-04-30
7.0162,7.0811,6.7962,6.8991,479275.8596,2023-05-01
6.8991,7.01,6.8012,6.9866,490562.1296,2023-05-02
6.9866,7.1499,6.8216,7.1292,417898.921,2023-05-03
7.1292,7.16,6.96,6.9982,514985.787,2023-05-04
6.9982,7.2799,6.9072,7.2278,455548.4331,2023-05-05
7.2278,7.2756,6.8704,6.9215,474013.5636,2023-05-06
6.9215,6.9868,6.8675,6.9106,341516.0937,2023-05-07
6.9106,6.9136,6.4,6.5802,467582.6379,2023-05-08
6.5802,6.6335,6.4549,6.5209,405708.3557,2023-05-09
6.5209,6.6948,6.3066,6.5905,453872.0527,2023-05-10
6.5905,6.5929,6.22,6.3612,493971.9058,2023-05-11
6.3612,6.6362,6.2273,6.6255,376809.2431,2023-05-12
6.6255,6.6334,6.4763,6.4936,315813.8261,2023-05-13
6.4936,6.6083,6.4414,6.5467,292874.9777,2023-05-14
6.5467,6.7098,6.4568,6.6329,287337.9274,2023-05-15
6.6329,6.7233,6.551,6.6599,264067.1976,2023-05-16
6.6599,6.8053,6.5515,6.7584,208900.3958,2023-05-17
6.7584,6.7639,6.4291,6.5302,202510.9953,2023-05-18
6.5302,6.5526,6.4605,6.5117,205739.6749,2023-05-19
6.5117,6.5399,6.4696,6.502,103827.1169,2023-05-20
6.502,6.5456,6.3549,6.4324,71616.4493,2023-05-21
6.4324,6.6067,6.3403,6.5316,154537.1061,2023-05-22
6.5316,6.6343,6.4762,6.5041,357590.0386,2023-05-23
6.5041,6.5104,6.2102,6.322,343567.443,2023-05-24
6.322,6.344,6.17,6.2785,369918.045,2023-05-25
6.2785,6.3794,6.2372,6.3431,314888.4615,2023-05-26
6.3431,6.44,6.3293,6.4377,214741.5633,2023-05-27
6.4377,6.6593,6.4173,6.6334,202257.4478,2023-05-28
6.6334,6.6732,6.5328,6.6382,236038.0927,2023-05-29
6.6382,6.6699,6.5374,6.6124,214085.9341,2023-05-30
6.6124,6.6338,6.404,6.4786,224231.7102,2023-05-31
6.4786,6.5088,6.3186,6.3442,227631.204,2023-06-01
6.3442,6.4789,6.3077,6.45,195822.9077,2023-06-02
6.45,6.4594,6.3629,6.4214,187657.6046,2023-06-03
6.4214,6.5303,6.3939,6.4514,151772.1441,2023-06-04
6.4514,6.4923,5.9669,6.0551,237762.3796,2023-06-05
6.0551,6.3103,6.0067,6.2611,255484.9251,2023-06-06
6.2611,6.2665,5.831,5.9183,254752.7531,2023-06-07
5.9183,6.0364,5.8834,5.9947,225940.645,2023-06-08
5.9947,6.0798,5.9219,5.9927,223847.0436,2023-06-09
5.9927,6.0062,4.7677,5.2303,410089.173,2023-06-10
5.2303,5.251,5.0937,5.173,333436.529,2023-06-11
5.173,5.1953,5.008,5.1599,255868.2844,2023-06-12
5.1599,5.4106,5.1101,5.2984,260216.1813,2023-06-13
5.2984,5.5063,5.1483,5.2499,219636.0572,2023-06-14
5.2499,5.4184,5.163,5.3112,236792.2279,2023-06-15
5.3112,5.3968,5.1505,5.3243,199638.2052,2023-06-16
5.3243,5.3943,5.2221,5.281,160104.1073,2023-06-17
5.281,5.3018,5.1064,5.1555,117931.3155,2023-06-18
5.1555,5.1897,4.9968,5.133,92518.3211,2023-06-19
5.133,5.2812,5.0002,5.2666,127723.1239,2023-06-20
5.2666,5.5875,5.2428,5.5565,205787.3949,2023-06-21
5.5565,5.8227,5.5136,5.5582,206172.3441,2023-06-22
5.5582,6.152,5.553,6.0701,146992.3835,2023-06-23
6.0701,6.196,5.9252,6.1327,100403.7445,2023-06-24
6.1327,6.3747,6.0606,6.1562,64078.211,2023-06-25
6.1562,6.2589,6.0069,6.0588,51265.2186,2023-06-26
6.0588,6.2534,6.0463,6.1992,79375.4055,2023-06-27
6.1992,6.2058,5.7122,5.8137,165417.6342,2023-06-28
5.8137,6.1828,5.7875,5.8906,206998.6846,2023-06-29
5.8906,6.4514,5.7332,6.312,240426.7452,2023-06-30
6.312,6.5244,6.1237,6.5042,147796.3132,2023-07-01
6.5042,6.5613,6.3367,6.5423,172385.5804,2023-07-02
6.5423,6.6896,6.4698,6.6284,183791.3293,2023-07-03
6.6284,6.6292,6.3985,6.5228,153701.9832,2023-07-04
6.5228,6.5701,6.2156,6.3016,161444.2086,2023-07-05
6.3016,6.5088,6.0788,6.0824,190250.7302,2023-07-06
6.0824,6.223,6.02,6.1579,182682.831,2023-07-07
6.1579,6.2222,6.0949,6.1978,186498.4654,2023-07-08
6.1978,6.2406,6.124,6.1501,193458.919,2023-07-09
6.1501,6.3003,6.0218,6.1679,174603.0051,2023-07-10
6.1679,6.2361,6.1213,6.2046,214138.8039,2023-07-11
6.2046,6.3434,6.1984,6.2521,192304.7336,2023-07-12
6.2521,7.1637,6.2138,7.1185,310790.6562,2023-07-13
7.1185,7.3443,6.6932,6.9568,246863.7519,2023-07-14
6.9568,7.0213,6.832,6.9168,178792.3666,2023-07-15
6.9168,6.9212,6.5693,6.6066,194424.6404,2023-07-16
6.6066,7.2613,6.4543,7.1859,301545.3323,2023-07-17
7.1859,7.2982,6.7958,6.9145,220975.6419,2023-07-18
6.9145,7.0482,6.7772,6.9155,187461.962,2023-07-19
6.9155,8.449,6.8865,8.362,483340.3877,2023-07-20
8.362,8.4421,8.0484,8.1304,184674.6113,2023-07-21
8.1304,8.3646,7.7778,7.8805,210131.8442,2023-07-22
7.8805,8.0917,7.8185,7.8903,170334.1935,2023-07-23
7.8903,7.8903,7.4454,7.5849,217299.9957,2023-07-24
7.5849,7.6399,7.3425,7.3906,186457.9438,2023-07-25
7.3906,7.8313,7.28,7.7424,240387.8354,2023-07-26
7.7424,8.1102,7.6864,7.9879,206944.5811,2023-07-27
7.9879,8.0914,7.769,7.7725,147532.77,2023-07-28
7.7725,7.8963,7.7252,7.844,141120.7919,2023-07-29
7.844,7.8636,7.372,7.556,162141.9058,2023-07-30
7.556,7.716,7.4357,7.5498,152151.3891,2023-07-31
7.5498,7.6462,7.2905,7.6415,176485.2952,2023-08-01
7.6415,7.7154,7.335,7.3507,164488.9261,2023-08-02
7.3507,7.4094,7.0788,7.1248,176229.534,2023-08-03
7.1248,7.2602,7.0151,7.1429,182335.5775,2023-08-04
7.1429,7.2446,7.1019,7.2287,154916.9676,2023-08-05
7.2287,7.2706,7.076,7.1009,138843.7482,2023-08-06
7.1009,7.397,6.9481,7.33,168526.6536,2023-08-07
7.33,7.5309,7.2897,7.4604,159113.7684,2023-08-08
7.4604,7.9131,7.3787,7.6794,199829.5928,2023-08-09
7.6794,7.7294,7.5619,7.6178,184539.0361,2023-08-10
7.6178,7.6422,7.4059,7.4925,157800.8652,2023-08-11
7.4925,7.538,7.3862,7.4428,147790.7548,2023-08-12
7.4428,7.5578,7.3172,7.3674,159229.6748,2023-08-13
7.3674,7.6333,7.3097,7.4131,165072.5584,2023-08-14
7.4131,7.433,6.8098,7.0414,204978.7915,2023-08-15
7.0414,7.0709,6.6057,6.7627,188358.5257,2023-08-16
6.7627,6.8708,5.5886,6.1864,394481.8494,2023-08-17
6.1864,6.2834,6.0803,6.176,331453.6296,2023-08-18
6.176,6.2632,6.1149,6.1805,367234.8354,2023-08-19
6.1805,6.2348,6.1178,6.219,387744.1382,2023-08-20
6.219,6.2566,6.0202,6.1749,362857.1886,2023-08-21
6.1749,6.2549,5.8745,6.1147,354091.9997,2023-08-22
6.1147,6.43,6.1036,6.3517,381032.0305,2023-08-23
6.3517,6.3674,5.9865,6.0834,379530.532,2023-08-24
6.0834,6.0852,5.916,6.0146,395419.0937,2023-08-25
6.0146,6.0431,5.9573,6.0073,389654.6171,2023-08-26
6.0073,6.0456,5.9549,6.029,395608.7672,2023-08-27
6.029,6.0467,5.8561,5.981,440872.2567,2023-08-28
5.981,6.3158,5.8451,6.1948,479342.901,2023-08-29
6.1948,6.1996,5.8879,5.9255,383034.8686,2023-08-30
5.9255,6.0593,5.74,5.8769,344957.4151,2023-08-31
5.8769,6.0324,5.8201,5.9413,333354.0551,2023-09-01
5.9413,5.9974,5.89,5.9708,301004.0233,2023-09-02
5.9708,6.0633,5.9484,6.0295,304906.2895,2023-09-03
6.0295,6.1612,5.9448,6.0129,322642.1167,2023-09-04
6.0129,6.1529,5.9111,6.1366,311199.8935,2023-09-05
6.1366,6.3411,6.1,6.3018,358508.4267,2023-09-06
6.3018,6.4678,6.2006,6.3882,322239.3433,2023-09-07
6.3882,6.4036,6.147,6.2797,296064.7493,2023-09-08
6.2797,6.2903,6.1566,6.1643,311110.3985,2023-09-09
6.1643,6.1653,5.9528,6.0156,341731.3643,2023-09-10
6.0156,6.0342,5.74,5.8281,336576.6224,2023-09-11
5.8281,6.0701,5.8077,5.959,358402.6514,2023-09-12
5.959,6.0847,5.9271,6.0197,356724.821,2023-09-13
6.0197,6.2124,6.0068,6.1521,341545.7831,2023-09-14
6.1521,6.3754,6.1013,6.3644,295750.2914,2023-09-15
6.3644,6.4198,6.188,6.2804,282262.9258,2023-09-16
6.2804,6.2809,6.0568,6.1465,330419.2308,2023-09-17
6.1465,6.8317,6.1022,6.5681,415354.031,2023-09-18
6.5681,6.9655,6.5184,6.8467,352303.1078,2023-09-19
6.8467,7.0396,6.7425,6.9067,367412.0034,2023-09-20
6.9067,6.9453,6.6069,6.6643,278805.2216,2023-09-21
6.6643,6.9669,6.5987,6.9568,301261.9294,2023-09-22
6.9568,7.2238,6.9171,7.1882,365951.3647,2023-09-23
7.1882,7.2475,6.9531,6.9732,282942.5724,2023-09-24
6.9732,7.5092,6.9144,7.4949,377337.015,2023-09-25
7.4949,7.5721,7.2489,7.3559,366589.9108,2023-09-26
7.3559,7.8819,7.271,7.6433,546698.2094,2023-09-27
7.6433,8.05,7.5731,7.8078,401415.8928,2023-09-28
7.8078,8.0755,7.6774,7.9468,352773.2588,2023-09-29
7.9468,8.2692,7.9375,8.1904,397883.7706,2023-09-30
8.1904,8.2548,7.7832,8.0518,389649.0908,2023-10-01
8.0518,8.0986,7.36,7.4646,465440.576,2023-10-02
7.4646,7.74,7.3689,7.4074,360361.8845,2023-10-03
7.4074,7.7743,7.2011,7.6722,445354.1822,2023-10-04
7.6722,7.7892,7.4571,7.4652,381115.1509,2023-10-05
7.4652,7.7531,7.4341,7.6402,322444.69,2023-10-06
7.6402,7.6789,7.471,7.5251,340871.2503,2023-10-07
7.5251,7.94,7.5016,7.6733,373311.62,2023-10-08
7.6733,7.6962,7.1433,7.2777,421017.7257,2023-10-09
7.2777,7.3869,7.1752,7.2603,361785.0873,2023-10-10
7.2603,7.4259,7.1144,7.3919,323118.6437,2023-10-11
7.3919,7.4157,7.1167,7.1981,355593.2394,2023-10-12
7.1981,7.3981,7.1125,7.2574,367489.2811,2023-10-13
7.2574,7.3721,7.2166,7.3301,320215.9549,2023-10-14
7.3301,7.5654,7.2856,7.4228,365967.7837,2023-10-15
7.4228,7.8264,7.4107,7.5254,378212.9239,2023-10-16
7.5254,7.5593,7.2692,7.3201,351643.8037,2023-10-17
7.3201,7.4777,7.2822,7.3584,425470.3192,2023-10-18
7.3584,7.4342,7.2186,7.3042,434375.8891,2023-10-19
7.3042,7.7094,7.2628,7.5706,549708.1573,2023-10-20
7.5706,9.16,7.5196,8.9095,742034.449,2023-10-21
8.9095,10.2281,8.843,10.2005,782943.3424,2023-10-22
10.2005,11.0464,9.7982,10.578,1235464.2466,2023-10-23
10.578,11.1423,9.674,10.3757,1214829.7256,2023-10-24
10.3757,11.7836,10.3445,11.0592,991450.4754,2023-10-25
11.0592,11.3948,10.3749,10.9279,818338.6817,2023-10-26
10.9279,11.4321,10.6219,11.1796,949256.04,2023-10-27
11.1796,11.6533,10.8272,10.9234,543978.1788,2023-10-28
10.9234,11.289,10.7526,11.0788,415558.8901,2023-10-29
11.0788,11.8464,10.8913,11.2208,739507.2659,2023-10-30
11.2208,12.0178,10.9349,11.3545,826419.8373,2023-10-31
11.3545,11.7708,10.6622,11.6368,975614.5169,2023-11-01
11.6368,11.7454,10.8082,11.0063,1147947.1918,2023-11-02
11.0063,11.5949,10.52,11.4631,810937.5495,2023-11-03
11.4631,11.6249,11.1552,11.4976,485503.8664,2023-11-04
11.4976,12.5546,11.3632,12.2297,789357.163,2023-11-05
12.2297,13.2556,12.125,12.9865,884102.2691,2023-11-06
12.9865,13.3331,12.5308,13.0405,1078530.974,2023-11-07
13.0405,14.9792,12.8405,14.9264,1107617.4702,2023-11-08
14.9264,15.9786,13.5462,14.6,1747254.9063,2023-11-09
14.6,15.64,14.132,15.5004,1310344.5694,2023-11-10
15.5004,16.6282,14.7199,16.4653,1088643.3145,2023-11-11
16.4653,16.5363,15.3732,16.0243,819743.2337,2023-11-12
16.0243,16.2911,14.3148,14.3556,862275.6588,2023-11-13
14.3556,14.9084,13.3703,13.9458,963199.7917,2023-11-14
15.0281,15.2214,13.556,13.8691,1103019.1874,2023-11-16
13.8691,14.2578,12.8566,13.7064,893225.2566,2023-11-17
13.7064,13.8085,12.9259,13.751,542666.3715,2023-11-18
13.751,15.0526,13.3664,14.909,449021.1061,2023-11-19
14.909,15.3942,14.3686,14.478,481495.8438,2023-11-20
14.478,14.6649,13.3118,13.357,446768.9619,2023-11-21
13.357,14.6227,13.2467,14.2111,468837.8093,2023-11-22
14.2111,14.8621,14.1284,14.3976,269942.2945,2023-11-23
14.3976,14.8418,14.2166,14.4807,305913.7603,2023-11-24
14.4807,14.9705,14.3795,14.7606,177249.9155,2023-11-25
14.7606,15.3274,14.3791,14.7641,207467.5368,2023-11-26
14.7641,15.298,13.8826,14.1875,328151.6274,2023-11-27
14.1875,14.715,13.7828,14.5237,284397.0996,2023-11-28
14.5237,14.9909,14.4067,14.5115,394031.7414,2023-11-29
14.5115,14.8298,14.2689,14.4113,196383.775,2023-11-30
14.4113,15.0465,14.2745,14.9854,204439.0254,2023-12-01
14.9854,16.196,14.9193,15.9934,228457.5299,2023-12-02
15.9934,16.2896,15.6733,15.7064,322701.7516,2023-12-03
15.7064,16.3948,15.1258,15.8087,250231.9043,2023-12-04
15.8087,16.08,15.179,15.7222,223359.3213,2023-12-05
15.7222,16.1631,15.2358,15.265,205813.3905,2023-12-06
15.265,15.803,14.6682,15.6918,226631.7759,2023-12-07
15.6918,17.3182,15.561,16.9168,393012.4298,2023-12-08
16.9168,17.2988,16.0302,16.1931,215789.9273,2023-12-09
16.1931,16.4503,15.7927,16.3675,235630.7604,2023-12-10
16.3675,16.4626,13.7864,14.7654,277733.5648,2023-12-11
14.7654,15.1357,14.1692,14.5264,249171.385,2023-12-12
14.5264,14.946,13.8655,14.7671,254554.77,2023-12-13
14.7671,15.5779,14.2159,15.3705,301019.4122,2023-12-14
15.3705,15.3928,14.2581,14.282,204203.0895,2023-12-15
14.282,14.799,14.091,14.3207,206677.0213,2023-12-16
14.3207,14.3714,13.9106,14.0198,189642.025,2023-12-17
14.0198,14.6809,13.6378,14.6725,256738.5512,2023-12-18
14.6725,14.8062,13.9236,14.0995,249284.4004,2023-12-19
14.0995,14.8037,13.98,14.2509,228140.9138,2023-12-20
14.2509,15.3112,14.1805,15.3047,414517.8627,2023-12-21
15.3047,15.7328,15.061,15.4793,315123.7395,2023-12-22
15.4793,15.9035,14.9064,15.6775,257943.9981,2023-12-23
15.6775,15.9475,15.1239,15.2661,263091.3824,2023-12-24
15.2661,15.7296,15.1205,15.5843,237181.3387,2023-12-25
15.5843,15.8966,14.2672,15.093,280024.1108,2023-12-26
15.093,16.7377,14.6495,16.7132,362505.6715,2023-12-27
16.7132,17.6541,15.9891,16.0048,580074.5873,2023-12-28
16.0048,16.2218,15.1279,15.5399,334703.0684,2023-12-29
15.5399,15.6224,15.017,15.1716,230637.2426,2023-12-30
15.1716,15.5236,14.7556,14.9403,312671.9376,2023-12-31
14.9403,15.5724,14.8117,15.5462,200459.5514,2024-01-01
15.5462,16.0602,15.05,15.1654,333051.5127,2024-01-02
15.1654,15.5763,11.8782,14.1507,492438.0229,2024-01-03
14.1507,14.7698,13.9772,14.5285,412143.9206,2024-01-04
14.5285,14.6543,13.7288,14.091,680522.9712,2024-01-05
14.091,14.0997,13.1816,13.4374,545098.2063,2024-01-06
13.4374,13.7373,13.0,13.1522,533381.6167,2024-01-07
13.1522,14.3983,12.527,14.1413,730258.6531,2024-01-08
14.1413,14.252,13.2369,13.7178,758005.5051,2024-01-09
13.7178,15.3602,13.5636,15.0732,1016866.1509,2024-01-10
15.0732,15.6923,14.6,15.0207,585977.8844,2024-01-11
15.0207,15.2987,13.6,14.1542,719633.6953,2024-01-12
14.1542,14.4295,13.7883,14.3484,297251.5036,2024-01-13
14.3484,15.4221,14.2668,14.7559,610407.3227,2024-01-14
14.7559,16.0137,14.7516,15.1852,670605.0931,2024-01-15
15.1852,15.3659,14.7408,15.2681,717120.1112,2024-01-16
15.2681,16.3879,15.2668,15.7605,1184008.111,2024-01-17
15.7605,15.7734,14.1927,14.6594,962008.3774,2024-01-18
14.6594,16.4145,14.4614,16.1163,1270195.401,2024-01-19
16.1163,16.5622,15.6534,15.7794,794832.7284,2024-01-20
15.7794,15.9114,15.3805,15.3935,488916.9063,2024-01-21
15.3935,15.9565,14.5091,14.5953,982386.5829,2024-01-22
14.5953,14.8856,13.56,14.3001,920567.378,2024-01-23
14.3001,14.436,13.9113,14.2423,707601.5248,2024-01-24
14.2423,14.2623,13.5105,13.7445,595929.7485,2024-01-25
13.7445,14.2974,13.6365,14.1876,611811.8153,2024-01-26
14.1876,14.4,14.0921,14.343,525966.9152,2024-01-27
14.343,14.6968,14.1974,14.4792,584941.9214,2024-01-28
14.4792,15.0793,14.2638,15.0086,748920.1659,2024-01-29
15.0086,15.8004,14.8972,15.475,679293.1648,2024-01-30
15.475,16.0599,15.085,15.4333,785986.2259,2024-01-31
15.4333,17.3829,15.15,17.1941,973794.3186,2024-02-01
17.1941,18.879,17.1368,17.8291,1102699.1101,2024-02-02
17.8291,18.1464,17.5117,17.6604,533930.0993,2024-02-03
17.6604,18.7048,17.5361,18.15,709756.8114,2024-02-04
18.15,19.7852,17.8056,19.1632,973440.193,2024-02-05
19.1632,19.3332,18.237,18.2909,593817.3996,2024-02-06
18.2909,19.077,18.0668,18.816,527967.2361,2024-02-07
18.816,19.2656,17.9772,18.2089,596247.5275,2024-02-08
18.2089,18.6224,18.0075,18.471,521184.8082,2024-02-09
18.471,19.133,17.9871,19.0808,473485.3242,2024-02-10
19.0808,20.673,18.8471,20.1447,653852.2165,2024-02-11
20.1447,20.8526,19.7579,20.4644,737407.4515,2024-02-12
20.4644,20.5915,19.4635,19.8687,553035.28,2024-02-13
19.8687,20.4305,19.7049,20.241,489346.3173,2024-02-14
20.241,20.5241,19.6541,19.933,509803.8622,2024-02-15
19.933,20.3106,19.1329,19.5526,473051.7463,2024-02-16
19.5526,20.2661,19.2236,20.033,501500.3859,2024-02-17
20.033,20.3726,19.7557,20.1197,446023.1491,2024-02-18
20.1197,20.2456,19.6464,19.8336,490246.8931,2024-02-19
19.8336,19.8824,18.3949,19.2845,566375.9042,2024-02-20
19.2845,19.2901,18.001,18.5921,575782.7537,2024-02-21
18.5921,19.0154,18.0796,18.1221,517168.0424,2024-02-22
18.1221,18.2878,17.5951,17.9367,551425.039,2024-02-23
17.9367,18.5651,17.7545,18.5322,454662.298,2024-02-24
18.5322,18.8606,18.3699,18.7202,368214.7479,2024-02-25
18.7202,19.2621,18.1322,19.083,541181.6006,2024-02-26
19.083,19.3631,18.6667,19.0219,482922.3153,2024-02-27
19.0219,20.827,17.99,19.4279,880856.1472,2024-02-28
19.4279,20.4539,18.8013,19.2738,681189.0777,2024-02-29
19.2738,20.0936,19.2647,20.0533,449330.2298,2024-03-01
20.0533,21.6857,19.9565,21.3982,578552.1114,2024-03-02
21.3982,21.5375,19.3,20.5069,467998.8166,2024-03-03
20.5069,20.8961,19.8313,20.4193,611153.3505,2024-03-04
20.4193,21.0526,16.492,18.975,1322288.5731,2024-03-05
18.975,20.1536,18.3934,20.0849,515949.9608,2024-03-06
20.0849,20.4,19.595,20.0949,508182.9721,2024-03-07
20.0949,20.3904,19.2,19.7007,662783.3825,2024-03-08
19.7007,20.3263,19.6588,19.9722,571937.6141,2024-03-09
19.9722,21.9579,19.3802,21.6787,726573.1154,2024-03-10
21.6787,22.8704,20.7708,21.2802,749798.7191,2024-03-11
21.2802,21.3421,19.5201,20.7029,627132.7145,2024-03-12
20.7029,20.9612,20.2011,20.7486,466579.2403,2024-03-13
20.7486,21.9465,19.8791,20.8819,778492.004,2024-03-14
20.8819,20.9975,18.4657,19.6328,752773.0859,2024-03-15
19.6328,19.8282,17.802,18.1126,552136.4446,2024-03-16
18.1126,18.8267,17.3828,18.6662,564261.307,2024-03-17
18.6662,19.4941,18.0495,18.3017,599506.9738,2024-03-18
18.3017,18.4634,16.5012,16.8026,801673.5798,2024-03-19
16.8026,18.4978,16.2635,18.4106,701932.6446,2024-03-20
18.4106,18.9186,17.8807,18.4538,656818.0256,2024-03-21
18.4538,18.5798,17.3241,18.3657,558887.0291,2024-03-22
18.3657,18.4701,17.8952,18.0623,550616.5251,2024-03-23
18.0623,18.6264,17.9746,18.5226,487392.9391,2024-03-24
18.5226,19.494,18.3754,19.377,543045.3589,2024-03-25
19.377,20.7372,19.3298,20.0112,529092.8079,2024-03-26
20.0112,20.1865,19.01,19.29,575079.1988,2024-03-27
19.29,19.809,19.045,19.1481,502596.9475,2024-03-28
19.1481,19.2893,18.7131,18.9675,490828.5513,2024-03-29
18.9675,19.2923,18.7841,18.933,465786.131,2024-03-30
18.933,19.3482,18.8697,19.1666,489343.5427,2024-03-31
19.1666,19.2715,17.86,18.3581,556259.5416,2024-04-01
18.3581,18.4847,17.3725,17.9549,656936.4093,2024-04-02
17.9549,18.339,17.383,17.6873,549919.7412,2024-04-03
17.6873,18.2594,17.3977,17.7925,494984.0742,2024-04-04
17.7925,17.7931,16.8675,17.3269,509938.9609,2024-04-05
17.3269,17.6776,17.2606,17.5631,494812.2166,2024-04-06
17.5631,17.9711,17.501,17.9092,504421.8032,2024-04-07
17.9092,18.6713,17.5426,18.1044,582254.6165,2024-04-08
18.1044,18.1853,17.25,17.3565,464592.124,2024-04-09
17.3565,17.5826,16.8006,17.4169,542031.2565,2024-04-10
17.4169,17.6209,17.0109,17.5539,501367.5455,2024-04-11
17.5539,17.8666,13.1536,15.1487,938728.1057,2024-04-12
15.1487,15.401,11.77,13.2854,1192160.4045,2024-04-13
13.2854,14.2492,12.7202,14.0996,1022698.0202,2024-04-14
14.0996,14.6686,13.2275,13.5849,851335.4502,2024-04-15
13.5849,13.8127,12.8214,13.4657,859297.86,2024-04-16
13.4657,13.6091,12.72,13.1337,746978.8286,2024-04-17
13.1337,13.9783,12.8126,13.886,693560.2351,2024-04-18
13.886,14.1179,12.75,13.9486,827284.0723,2024-04-19
13.9486,15.0338,13.7417,14.9583,673351.2963,2024-04-20
14.9583,15.1777,14.5334,15.1055,625156.3609,2024-04-21
15.1055,16.0333,15.0089,15.4419,600626.9225,2024-04-22
15.4419,15.5749,15.1054,15.1789,616390.0544,2024-04-23
15.1789,15.6378,14.3616,14.5349,620986.1808,2024-04-24
14.5349,14.9048,14.3623,14.5927,627515.7615,2024-04-25
14.5927,14.9331,14.35,14.4903,560646.3922,2024-04-26
14.4903,14.5293,13.8689,14.2666,719571.3821,2024-04-27
14.2666,14.44,13.7314,13.8081,643964.2143,2024-04-28
13.8081,14.1867,13.7217,14.0717,712161.4197,2024-04-29
14.0717,14.2107,12.7789,13.1287,782201.0338,2024-04-30
13.1287,13.485,12.4237,13.3461,898026.2332,2024-05-01
13.3461,13.7766,12.9258,13.5901,674041.1667,2024-05-02
13.5901,14.2,13.4648,14.091,704972.1543,2024-05-03
14.091,14.479,13.9748,14.3136,672344.4858,2024-05-04
14.3136,14.6632,14.1113,14.3704,600480.6414,2024-05-05
14.3704,15.1651,14.2793,14.4881,643576.3409,2024-05-06
14.4881,14.7236,13.9605,13.9958,623019.181,2024-05-07
13.9958,14.1188,13.6926,13.898,679500.6619,2024-05-08
13.898,14.368,13.8402,14.2361,659853.9363,2024-05-09
14.2361,14.3728,13.4918,13.5671,638833.3033,2024-05-10
13.5671,13.8127,13.2833,13.3059,616633.4747,2024-05-11
13.3059,13.5947,13.2839,13.5575,664724.1185,2024-05-12
13.5575,13.6763,13.0794,13.3943,755046.7104,2024-05-13
13.3943,13.5992,12.935,12.9813,725390.7504,2024-05-14
12.9813,13.9427,12.843,13.8645,797249.239,2024-05-15
13.8645,15.86,13.54,15.5206,996663.3638,2024-05-16
15.5206,16.7704,15.4773,16.2323,962111.7807,2024-05-17
16.2323,16.5684,16.0465,16.3263,760734.1921,2024-05-18
16.3263,17.1114,16.3041,16.563,912575.0196,2024-05-19
16.563,17.4597,16.3706,17.2672,1055704.9673,2024-05-20
17.2672,17.4396,16.5093,16.7449,678732.0278,2024-05-21
16.7449,16.9286,16.1631,16.3484,689008.2897,2024-05-22
16.3484,16.8082,15.4641,16.5968,902679.6273,2024-05-23
16.5968,17.7783,16.5605,17.2516,742656.4955,2024-05-24
17.2516,17.47,16.9122,17.4418,555131.175,2024-05-25
17.4418,17.9091,17.0038,17.0436,567456.1587,2024-05-26
17.0436,18.8642,16.8831,18.7905,712169.4454,2024-05-27
18.7905,18.841,17.8729,18.5412,726074.8965,2024-05-28
18.5412,19.2177,18.0457,18.4569,614330.1468,2024-05-29
18.4569,19.2,17.7876,17.9466,520557.187,2024-05-30
17.9466,18.7398,17.4621,18.413,577376.7235,2024-05-31
18.413,18.6837,18.2653,18.4446,508998.9656,2024-06-01
18.4446,18.5699,18.07,18.1423,537018.5543,2024-06-02
18.1423,18.3612,17.5402,17.6272,538527.9472,2024-06-03
17.6272,17.8495,17.4817,17.7169,531374.698,2024-06-04
17.7169,18.075,17.6285,17.7484,494035.6667,2024-06-05
17.7484,17.7757,17.105,17.2552,531734.1573,2024-06-06
17.2552,17.7182,15.2885,16.32,740826.7262,2024-06-07
16.32,16.4219,15.6878,15.9252,611313.0053,2024-06-08
15.9252,16.38,15.906,16.3725,582057.9261,2024-06-09
16.3725,16.3867,15.7651,15.9045,621063.3087,2024-06-10
15.9045,15.9167,14.6656,14.9843,801618.3092,2024-06-11
14.9843,16.2335,14.7308,16.0071,727132.5143,2024-06-12
16.0071,16.0506,15.0552,15.1418,667237.8527,2024-06-13
15.1418,15.46,14.4684,14.7443,773985.6211,2024-06-14
14.7443,15.1104,14.7003,14.8573,663567.5945,2024-06-15
14.8573,15.2251,14.5741,15.1425,635403.9118,2024-06-16
15.1425,15.2183,14.0229,14.5195,739023.6495,2024-06-17
14.5195,14.6159,12.9234,13.9845,1233314.3033,2024-06-18
13.9845,14.5,13.9106,14.3447,687987.8868,2024-06-19
14.3447,14.8514,14.189,14.2563,745057.9057,2024-06-20
14.2563,14.5916,13.85,13.8519,807925.5299,2024-06-21
13.8519,13.9124,13.4676,13.4832,725878.0789,2024-06-22
13.4832,13.6872,13.1521,13.194,729544.3101,2024-06-23
13.194,13.6818,12.66,13.6152,959378.2294,2024-06-24
13.6152,14.292,13.5691,14.1949,823001.2962,2024-06-25
14.1949,14.2938,13.8569,13.9187,694765.8019,2024-06-26
13.9187,14.5589,13.59,14.4291,667896.4042,2024-06-27
14.4291,14.599,13.7604,13.7758,738399.5789,2024-06-28
13.7758,14.1683,13.4864,13.5557,625968.6171,2024-06-29
13.5557,14.3544,13.4503,14.2845,659048.4423,2024-06-30
14.2845,14.5721,14.2179,14.3419,666558.6438,2024-07-01
14.3419,14.7586,14.2446,14.418,628280.6911,2024-07-02
14.418,14.599,13.5585,13.5854,695464.9063,2024-07-03
13.5854,13.7372,12.5136,12.534,780325.5934,2024-07-04
12.534,12.547,11.0466,12.3059,1523111.3902,2024-07-05
12.3059,13.2806,12.1847,13.1761,818628.5346,2024-07-06
13.1761,13.1974,12.2871,12.3577,758655.9996,2024-07-07
12.3577,13.5302,11.7793,13.1298,1035443.1931,2024-07-08
13.1298,13.307,12.7273,12.8307,804902.4753,2024-07-09
12.8307,13.1684,12.6933,12.7855,666008.9204,2024-07-10
12.7855,13.16,12.3016,12.357,773575.7044,2024-07-11
12.357,12.831,12.2331,12.7383,725179.206,2024-07-12
12.7383,13.133,12.6978,13.0274,670092.6263,2024-07-13
13.0274,13.5309,12.8884,13.4541,654492.9898,2024-07-14
13.4541,14.505,13.404,14.397,751301.3772,2024-07-15
14.397,14.6125,13.816,14.2058,706415.9684,2024-07-16
14.2058,14.5,13.7278,13.7419,638302.0498,2024-07-17
13.7419,14.007,13.4129,13.5916,682766.3546,2024-07-18
13.5916,14.1429,13.3456,14.0782,618953.9623,2024-07-19
14.0782,14.3316,13.8461,14.242,619947.5749,2024-07-20
14.242,15.0114,13.9428,14.8143,685586.7409,2024-07-21
14.8143,14.875,13.7844,13.9487,705621.5882,2024-07-22
13.9487,14.1561,13.4976,13.9188,682910.6937,2024-07-23
13.9188,13.9547,13.2512,13.4036,661961.0932,2024-07-24
13.4036,13.4543,12.4711,12.9253,796831.4225,2024-07-25
12.9253,13.6474,12.9037,13.5227,716190.0664,2024-07-26
13.5227,13.8668,13.2561,13.5468,728592.9561,2024-07-27
13.5468,13.64,13.1997,13.302,589035.1206,2024-07-28
13.302,13.9096,13.2955,13.5383,674626.4414,2024-07-29
13.5383,13.7925,12.9816,13.1397,715670.7653,2024-07-30
13.1397,13.4012,12.7699,12.8323,675065.9989,2024-07-31
12.8323,13.0973,12.1278,12.8945,751560.4529,2024-08-01
12.8945,12.962,11.7671,11.9145,719074.1695,2024-08-02
11.9145,12.1432,11.3445,11.6811,830647.514,2024-08-03
11.6811,11.7859,10.501,10.8843,927065.0408,2024-08-04
10.8843,10.98,8.08,9.4794,3683286.3255,2024-08-05
9.4794,10.4462,9.4652,10.053,1358844.4672,2024-08-06
10.053,10.4817,9.4208,9.4942,1137628.4695,2024-08-07
9.4942,10.8322,9.3462,10.7398,1085166.9321,2024-08-08
10.7398,10.7453,10.15,10.5312,903590.7901,2024-08-09
10.5312,10.6991,10.4624,10.549,925570.5428,2024-08-10
10.549,10.8368,9.9394,9.9967,823527.6171,2024-08-11
9.9967,10.7495,9.9405,10.5439,1106012.7337,2024-08-12
10.5439,10.683,10.0946,10.562,897075.1326,2024-08-13
10.562,10.7314,10.202,10.393,883060.6129,2024-08-14
10.393,10.689,9.981,10.176,825789.6329,2024-08-15
10.176,10.4,9.9103,10.126,977368.9374,2024-08-16
10.126,10.181,10.029,10.17,844345.6696,2024-08-17
10.17,10.472,10.057,10.084,899240.0593,2024-08-18
10.084,10.21,9.953,10.179,826583.8184,2024-08-19
10.179,10.553,10.051,10.24,915086.2598,2024-08-20
10.24,11.398,10.15,11.212,897479.7423,2024-08-21
11.212,11.621,11.15,11.479,862563.1822,2024-08-22
11.479,12.208,11.457,12.053,815354.9503,2024-08-23
12.053,12.5558,11.898,12.341,766121.1589,2024-08-24
12.341,12.382,11.944,12.102,687749.0742,2024-08-25
12.102,12.697,11.835,11.836,775458.943,2024-08-26
11.836,12.05,10.896,11.156,832674.229,2024-08-27
11.156,11.7,10.93,11.172,867459.6835,2024-08-28
11.172,11.457,10.804,10.94,817277.0835,2024-08-29
10.94,11.194,10.504,11.114,787473.0115,2024-08-30
11.114,11.208,10.931,11.015,749408.2822,2024-08-31
11.015,11.022,10.233,10.361,869065.7256,2024-09-01
10.361,10.837,10.32,10.762,846764.0592,2024-09-02
10.762,10.873,10.218,10.31,887117.4503,2024-09-03
10.31,10.496,9.827,10.335,938772.3184,2024-09-04
10.335,10.402,9.91,10.027,964664.3653,2024-09-05
10.027,10.179,9.289,9.573,1099233.8722,2024-09-06
9.573,10.16,9.559,10.024,876409.8284,2024-09-07
10.024,10.455,9.961,10.352,928790.4212,2024-09-08
10.352,10.822,10.269,10.54,947852.022,2024-09-09
10.54,10.74,10.33,10.586,848072.0865,2024-09-10
10.398,10.808,10.388,10.788,879470.382,2024-09-12
10.788,11.561,10.645,11.449,808471.6571,2024-09-13
11.449,11.486,11.216,11.298,807383.0128,2024-09-14
11.298,11.363,10.795,10.809,815143.3086,2024-09-15
10.809,10.832,10.42,10.546,843007.1612,2024-09-16
10.546,10.913,10.443,10.622,777319.5219,2024-09-17
10.622,10.893,10.291,10.891,974185.7278,2024-09-18
10.891,11.399,10.891,11.202,785976.5439,2024-09-19
11.202,11.737,11.123,11.433,763358.8887,2024-09-20
11.433,11.543,11.213,11.491,743333.4569,2024-09-21
11.491,11.546,10.852,11.132,753816.0024,2024-09-22
11.132,11.615,10.917,11.392,809731.5988,2024-09-23
11.392,12.231,11.208,12.156,824794.5065,2024-09-24
12.156,12.557,12.068,12.109,796120.1085,2024-09-25
12.109,12.747,11.885,12.563,792175.348,2024-09-26
12.563,12.878,12.453,12.669,743129.3147,2024-09-27
12.669,12.9735,12.367,12.948,839118.1433,2024-09-28
12.948,12.98,12.44,12.465,702761.7175,2024-09-29
12.465,12.481,11.75,11.85,729442.0128,2024-09-30
11.85,12.257,10.86,11.022,988581.8351,2024-10-01
11.022,11.313,10.461,10.655,873024.5643,2024-10-02
10.655,10.866,10.343,10.656,848255.0313,2024-10-03
10.656,11.245,10.592,11.073,834797.8373,2024-10-04
11.073,11.382,10.985,11.265,794956.1203,2024-10-05
11.265,11.396,11.16,11.281,823001.7826,2024-10-06
11.281,11.75,11.123,11.157,792522.1119,2024-10-07
11.157,11.29,10.792,10.835,772558.2042,2024-10-08
10.835,10.972,10.417,10.538,898658.1177,2024-10-09
10.538,10.743,10.256,10.554,847243.9253,2024-10-10
10.554,11.022,10.5,10.902,826524.3099,2024-10-11
10.902,11.15,10.834,10.997,798421.756,2024-10-12
10.997,11.073,10.617,10.751,824728.2347,2024-10-13
10.751,11.342,10.602,11.279,899315.9783,2024-10-14
11.279,11.694,10.944,11.466,923007.8196,2024-10-15
11.466,11.532,11.067,11.243,748027.0501,2024-10-16
11.243,11.357,10.857,11.031,815991.7953,2024-10-17
11.031,11.502,10.984,11.48,790151.4033,2024-10-18
11.48,11.6,11.297,11.421,724109.2379,2024-10-19
11.421,12.036,11.284,11.975,771346.1701,2024-10-20
11.975,12.03,11.542,11.703,732254.1456,2024-10-21
11.703,12.336,11.594,11.974,841014.6456,2024-10-22
11.974,12.005,11.016,11.327,803304.3761,2024-10-23
11.327,11.636,11.223,11.616,768581.7526,2024-10-24
11.616,12.092,10.82,11.137,957189.2976,2024-10-25
11.137,11.396,10.826,11.009,807422.0249,2024-10-26
11.009,11.179,10.856,10.986,732156.0344,2024-10-27
10.986,11.267,10.716,11.187,883220.4781,2024-10-28
11.187,11.807,11.15,11.798,801905.0141,2024-10-29
11.798,12.45,11.652,12.393,904192.6514,2024-10-30
12.393,12.46,11.315,11.415,811327.3148,2024-10-31
11.415,11.725,11.143,11.253,885529.5971,2024-11-01
11.253,11.399,11.071,11.194,806661.0628,2024-11-02
11.194,11.237,10.514,10.764,912163.7628,2024-11-03
10.764,10.915,10.078,10.263,881369.7296,2024-11-04
10.263,10.939,10.184,10.835,898231.8083,2024-11-05
10.835,12.307,10.801,12.173,988416.6283,2024-11-06
12.173,12.699,12.064,12.59,830645.1703,2024-11-07
12.59,13.754,12.526,13.693,816303.1647,2024-11-08
13.693,13.845,13.265,13.771,695807.6749,2024-11-09
13.771,14.851,13.649,14.259,916840.1564,2024-11-10
14.259,14.94,13.606,14.906,962532.1088,2024-11-11
14.906,15.336,13.674,13.95,1104714.8384,2024-11-12
13.95,14.377,13.06,13.481,1092337.2158,2024-11-13
13.481,13.826,12.808,13.006,826490.1478,2024-11-14
13.006,13.88,12.723,13.84,899617.8079,2024-11-15
13.84,14.8,13.74,14.53,795558.59,2024-11-16
14.53,14.9,13.57,13.8,880333.6965,2024-11-17
13.8,15.9872,13.76,15.26,852827.1022,2024-11-18
15.26,15.42,14.39,14.61,757720.8456,2024-11-19
14.61,15.33,14.03,14.23,766064.3399,2024-11-20
14.23,15.39,13.84,14.89,1213910.2127,2024-11-21
14.89,16.58,14.73,16.55,1910237.4786,2024-11-22
16.55,18.3754,16.29,17.39,2651006.178,2024-11-23
17.39,18.33,16.12,17.91,1882207.4875,2024-11-24
17.91,19.05,17.13,17.34,2256182.1858,2024-11-25
17.34,17.84,16.19,17.34,1830224.4407,2024-11-26
17.34,18.99,16.97,18.65,1763520.2396,2024-11-27
18.65,18.69,17.49,17.93,1272027.9778,2024-11-28
17.93,18.4,17.53,18.26,770834.7895,2024-11-29
18.26,19.44,17.93,18.99,1516204.9518,2024-11-30
18.99,19.11,18.43,18.92,1189206.5056,2024-12-01
18.92,26.88,18.58,25.2,8792899.1525,2024-12-02
25.2,26.26,22.57,24.1,5248580.8307,2024-12-03
24.1,26.51,23.6,24.08,3719585.3233,2024-12-04
24.08,24.82,22.39,23.14,2991167.5838,2024-12-05
23.14,25.94,22.76,25.86,3028636.5487,2024-12-06
25.86,26.85,24.42,24.77,2386861.7561,2024-12-07
24.77,27.39,24.69,26.09,3039804.3547,2024-12-08
26.09,27.35,19.57,22.27,7870694.4948,2024-12-09
22.27,23.77,20.29,22.12,5080481.7183,2024-12-10
22.12,24.32,21.14,24.07,2522391.2442,2024-12-11
24.07,29.45,23.88,29.13,5910695.1084,2024-12-12
29.13,30.95,27.53,28.98,3601224.7289,2024-12-13
28.98,30.76,28.73,29.12,3272659.3498,2024-12-14
29.12,29.88,28.01,29.25,1907215.3443,2024-12-15
29.25,30.82,28.43,28.74,3491727.2004,2024-12-16
28.74,29.04,27.36,27.86,2019480.4372,2024-12-17
27.86,28.4,24.75,24.85,2983904.264,2024-12-18
24.85,25.61,21.73,22.83,4139070.7709,2024-12-19
22.83,23.72,20.03,23.4,4112136.1012,2024-12-20
23.4,24.94,21.79,22.13,2210348.064,2024-12-21
22.13,22.78,21.3,22.09,1445087.7975,2024-12-22
22.09,24.96,21.5,24.54,2289146.0515,2024-12-23
24.54,25.97,23.56,25.43,1939542.8101,2024-12-24
25.43,25.59,24.15,24.45,1370717.9454,2024-12-25
24.45,24.69,22.42,22.68,1417040.0516,2024-12-26
22.68,23.67,21.36,21.56,1570498.1768,2024-12-27
21.56,22.37,21.07,21.99,1598681.1813,2024-12-28
21.99,22.01,20.77,20.96,756476.2152,2024-12-29
20.96,21.81,20.08,20.58,1352399.9256,2024-12-30
20.58,21.2,19.83,20.01,1098783.9791,2024-12-31
20.01,21.84,19.69,21.72,1063854.9601,2025-01-01
21.72,22.91,21.72,22.06,1584678.5944,2025-01-02
22.06,23.92,21.65,23.47,1392092.9675,2025-01-03
23.47,24.05,22.89,23.61,879161.9486,2025-01-04
23.61,23.84,22.86,23.58,811063.5555,2025-01-05
23.58,24.78,23.02,23.83,1542442.8248,2025-01-06
23.83,23.84,21.2,21.39,1679697.2339,2025-01-07
21.39,21.72,19.59,20.44,1689218.7473,2025-01-08
20.44,20.73,19.14,19.64,1180670.8606,2025-01-09
19.64,20.54,19.53,20.24,1270350.4191,2025-01-10
20.24,20.69,19.81,20.22,428314.546,2025-01-11
20.22,20.33,19.58,19.83,394266.3739,2025-01-12
19.83,20.43,17.85,19.37,1714858.3623,2025-01-13
19.37,20.5,19.25,20.33,745953.7888,2025-01-14
20.33,22.16,20.09,22.13,423140.5135,2025-01-15
22.13,23.77,21.29,23.02,273278.0359,2025-01-16
23.02,25.22,23.02,25.09,174477.673,2025-01-17
25.09,25.67,23.38,24.11,217250.5942,2025-01-18
24.11,26.7,22.21,24.33,1183031.342,2025-01-19
24.33,26.93,23.41,25.09,2012609.4086,2025-01-20
25.09,27.08,23.68,26.66,651989.958,2025-01-21
26.66,27.2,25.14,25.28,182307.4918,2025-01-22
25.28,26.23,23.99,25.67,323971.2667,2025-01-23
25.67,26.43,24.85,25.2,179946.3608,2025-01-24
25.2,25.44,24.7,24.92,145387.8655,2025-01-25
24.92,26.37,24.86,24.89,144445.1423,2025-01-26
24.89,25.12,22.19,24.19,412245.4793,2025-01-27
24.19,24.65,22.37,22.62,151707.5227,2025-01-28
22.62,24.44,22.32,23.65,208056.3477,2025-01-29
23.65,25.19,23.4,24.47,151491.8862,2025-01-30
24.47,26.39,24.14,25.17,199192.0165,2025-01-31
25.17,25.96,22.77,22.97,189739.5403,2025-02-01
22.97,23.32,19.3,20.47,880778.2421,2025-02-02
20.47,22.02,15.43,21.65,2979066.2055,2025-02-03
21.65,21.69,19.33,19.97,513447.0636,2025-02-04
19.97,20.26,18.97,19.19,240970.165,2025-02-05
19.19,19.93,18.42,18.58,183407.6527,2025-02-06
18.58,19.85,17.8,18.38,238815.612,2025-02-07
18.38,18.62,17.88,18.44,78249.8643,2025-02-08
18.44,19.0,17.44,18.27,148996.2781,2025-02-09
18.27,19.11,17.68,18.8,175525.3343,2025-02-10
18.8,19.78,18.23,18.65,172173.9644,2025-02-11
18.65,19.5,17.65,19.21,232875.9504,2025-02-12
19.21,19.33,18.19,18.55,84921.0451,2025-02-13
18.55,19.84,18.46,19.4,141348.9234,2025-02-14
19.4,19.65,18.74,19.01,47781.9254,2025-02-15
19.01,19.25,18.57,18.7,70231.0,2025-02-16
18.7,19.79,18.37,19.12,524464.5346,2025-02-17
19.12,19.21,17.28,17.87,646854.2757,2025-02-18
17.87,18.2,17.45,17.98,533906.5933,2025-02-19
17.98,18.48,17.82,18.29,572437.0162,2025-02-20
18.29,19.05,17.12,17.42,1502063.8237,2025-02-21
17.42,18.03,17.31,17.75,718592.4314,2025-02-22
17.75,18.13,17.43,17.61,266566.2658,2025-02-23
17.61,17.75,14.99,15.26,790643.9244,2025-02-24
15.26,15.59,14.02,15.31,1526369.7511,2025-02-25
15.31,15.77,14.67,15.25,516318.2427,2025-02-26
15.25,15.78,14.78,15.11,324432.5926,2025-02-27
15.11,15.2,13.47,14.82,597334.714,2025-02-28
14.82,15.14,14.22,14.75,245938.7651,2025-03-01
14.75,17.54,14.41,17.42,794155.6559,2025-03-02
17.42,17.49,14.38,14.45,873681.8764,2025-03-03
14.45,15.35,13.08,14.87,984434.5726,2025-03-04
14.87,16.59,14.63,16.43,844752.9623,2025-03-05
16.43,17.67,16.39,17.05,1097591.8933,2025-03-06
17.05,17.53,15.74,15.94,1683994.2274,2025-03-07
15.94,16.03,15.13,15.27,406390.8811,2025-03-08
15.27,15.37,13.61,13.8,554101.9493,2025-03-09
13.8,14.56,12.42,12.66,794661.6787,2025-03-10
12.66,13.65,11.86,13.13,1016024.7143,2025-03-11
13.13,13.8,12.64,13.49,557736.8118,2025-03-12
13.49,13.59,12.72,13.05,416263.5413,2025-03-13
13.05,14.69,12.99,13.66,1303345.9895,2025-03-14
13.66,14.25,13.64,14.03,322158.7133,2025-03-15
14.03,14.2,13.21,13.38,277965.6977,2025-03-16
13.38,14.23,13.35,14.03,406956.8623,2025-03-17
14.03,14.26,13.45,13.91,411038.6523,2025-03-18
13.91,15.04,13.77,15.03,910501.0437,2025-03-19
15.03,15.17,14.08,14.23,422978.3072,2025-03-20
14.23,14.4,13.82,13.95,225652.0253,2025-03-21
13.95,14.5,13.93,14.24,298256.9984,2025-03-22
14.24,14.49,14.22,14.47,242904.7578,2025-03-23
14.47,15.4,14.16,15.13,480875.4707,2025-03-24
15.13,15.6,14.86,15.43,423357.7732,2025-03-25
15.43,16.0,14.94,15.24,425763.5394,2025-03-26
15.24,15.8,15.17,15.53,426628.1113,2025-03-27
15.53,15.58,14.0,14.25,476218.8971,2025-03-28
14.25,14.41,13.37,13.55,268565.8441,2025-03-29
13.55,13.87,13.18,13.41,332586.1044,2025-03-30
13.41,13.71,12.95,13.5,353217.9792,2025-03-31
13.5,14.39,13.48,14.04,443175.0652,2025-04-01
14.04,14.39,12.82,12.92,978490.2947,2025-04-02
12.92,13.31,12.31,12.9,476819.6703,2025-04-03
12.9,13.19,12.36,12.94,469623.6504,2025-04-04
12.94,13.05,12.58,12.84,205591.0962,2025-04-05
12.84,12.96,11.01,11.29,484870.5671,2025-04-06
11.29,11.88,10.12,11.46,1438198.2831,2025-04-07
11.46,11.89,10.79,10.93,867036.7679,2025-04-08
10.93,12.82,10.44,12.66,1331596.8097,2025-04-09
12.66,12.67,11.67,12.08,867859.6064,2025-04-10
12.08,12.9,12.03,12.65,618843.5752,2025-04-11
12.65,13.29,12.47,13.14,438372.3949,2025-04-12
13.14,13.23,12.43,12.63,503754.5284,2025-04-13
12.63,13.24,12.58,12.64,670048.189,2025-04-14
12.64,12.83,12.21,12.23,653136.4272,2025-04-15
12.23,12.52,11.9,12.35,586646.5067,2025-04-16
12.35,12.71,12.2,12.53,544767.5073,2025-04-17
12.53,12.72,12.41,12.56,393721.922,2025-04-18
12.56,13.05,12.54,12.93,428457.5555,2025-04-19
12.93,13.59,12.87,13.29,566466.244,2025-04-20
13.29,13.7,12.95,13.1,511926.9909,2025-04-21
13.1,14.17,12.89,14.14,606704.5567,2025-04-22
14.14,15.28,14.02,15.01,878058.5541,2025-04-23
15.01,15.14,14.15,15.05,614541.1472,2025-04-24
15.05,15.36,14.7,14.93,622121.0756,2025-04-25
14.93,15.28,14.67,14.87,351440.279,2025-04-26
14.87,15.09,14.37,14.56,427029.3411,2025-04-27
14.56,15.11,14.24,15.01,547755.073,2025-04-28
15.01,15.24,14.48,14.6,621264.6917,2025-04-29
14.6,14.76,13.83,14.29,409465.3875,2025-04-30
14.29,15.04,14.29,14.74,403093.4167,2025-05-01
14.74,15.03,14.49,14.65,341121.6477,2025-05-02
14.65,14.67,14.16,14.25,301614.6665,2025-05-03
14.25,14.37,13.81,13.86,324786.4478,2025-05-04
13.86,14.2,13.48,13.64,443226.8166,2025-05-05
13.64,13.89,13.21,13.82,418462.6957,2025-05-06
13.82,14.09,13.47,13.83,458041.4003,2025-05-07
13.83,15.98,13.82,15.88,812944.8408,2025-05-08
15.88,16.72,15.58,16.02,1171262.9251,2025-05-09
16.02,17.47,15.86,17.34,722997.3149,2025-05-10
17.34,17.42,16.31,17.11,851843.0742,2025-05-11
17.11,17.97,16.04,16.73,1222423.634,2025-05-12
16.73,17.81,16.03,17.4,834564.7436,2025-05-13
17.4,17.52,16.68,17.01,728927.3075,2025-05-14
17.01,17.21,15.69,16.04,732906.8141,2025-05-15
16.04,16.54,15.61,15.76,552719.1098,2025-05-16
15.76,15.78,15.08,15.32,654162.6012,2025-05-17
15.32,16.4,14.9,15.88,779179.9541,2025-05-18
15.88,16.01,14.84,15.78,840660.0312,2025-05-19
15.78,16.42,15.25,15.71,569198.3809,2025-05-20
15.71,16.49,15.52,16.1,1411812.3424,2025-05-21
16.1,16.9,16.04,16.74,997120.5877,2025-05-22
16.74,17.15,15.43,15.54,1195496.6574,2025-05-23
15.54,15.91,15.24,15.35,439658.1956,2025-05-24
15.35,15.56,14.87,15.53,540083.6509,2025-05-25
15.53,15.96,15.4,15.53,604406.3524,2025-05-26
15.53,16.14,15.16,15.9,550100.0036,2025-05-27
15.9,16.15,15.31,15.68,423484.1856,2025-05-28
15.68,16.19,15.0,15.04,704726.1439,2025-05-29
15.04,15.13,13.77,13.89,1191267.3744,2025-05-30
13.89,14.19,13.4,13.97,734513.4162,2025-05-31
13.97,14.13,13.59,14.07,760680.8071,2025-06-01
14.07,14.13,13.59,14.09,407930.7492,2025-06-02
14.09,14.44,13.99,14.11,475544.9484,2025-06-03
14.11,14.47,13.72,13.83,368190.048,2025-06-04
13.83,14.04,12.64,12.89,876467.1468,2025-06-05
12.89,13.68,12.83,13.57,720799.551,2025-06-06
13.57,14.08,13.48,13.83,313646.5411,2025-06-07
13.83,13.98,13.55,13.72,260571.6686,2025-06-08
13.72,14.4,13.54,14.35,433029.2082,2025-06-09
14.35,15.53,14.32,15.44,1178968.3037,2025-06-10
15.44,15.66,14.76,14.9,868184.448,2025-06-11
14.9,14.93,13.84,13.97,895320.4279,2025-06-12
13.97,13.99,12.76,13.44,1365159.6671,2025-06-13
13.44,13.46,12.84,13.16,432889.9214,2025-06-14
13.16,13.33,13.0,13.29,327388.7611,2025-06-15
13.29,14.16,13.17,13.56,645458.3958,2025-06-16
13.56,13.78,12.8,12.99,764137.1399,2025-06-17
12.99,13.22,12.63,13.11,676267.4751,2025-06-18
13.11,13.38,12.91,13.08,925449.6071,2025-06-19
13.08,13.29,12.3,12.51,959579.6341,2025-06-20
12.51,12.75,11.7,12.03,879899.2993,2025-06-21
12.03,12.21,10.95,11.66,1617424.9432,2025-06-22
11.66,12.94,11.4,12.82,1309512.56947104,2025-06-23
12.82,13.73,12.77,13.41,1450862.26656963,2025-06-24
13.41,13.51,12.99,13.14,784287.67213733,2025-06-25
13.14,13.56,12.88,12.93,648666.97098575,2025-06-26
12.93,13.24,12.73,13.05,406580.76309224,2025-06-27
13.05,13.44,12.99,13.38,236853.45103059,2025-06-28
13.38,13.88,13.24,13.7,269238.42400667,2025-06-29
13.7,13.78,13.12,13.38,686715.29143195,2025-06-30
13.38,13.44,12.79,12.91,494336.13142627,2025-07-01
12.91,13.85,12.73,13.56,843141.06493179,2025-07-02
13.56,14.08,13.44,13.67,925545.865798062,2025-07-03
13.67,13.78,12.94,13.16,552351.588139544,2025-07-04
13.16,13.27,13.0,13.24,170994.864506496,2025-07-05
13.24,13.7,13.1,13.48,297027.83619836,2025-07-06
13.48,13.73,13.24,13.42,479342.47812768,2025-07-07
13.42,13.99,13.2,13.96,424009.621912968,2025-07-08
14.25,15.34,14.15,15.24,1218011.069897832,2025-07-10
15.24,15.86,15.02,15.29,1477902.7007183,2025-07-11
15.29,15.47,14.71,15.09,383432.70265618,2025-07-12
15.09,15.94,15.05,15.65,343718.61712747,2025-07-13
15.65,16.47,15.57,15.75,1379352.17106802,2025-07-14
15.75,16.19,15.15,16.11,994294.48019564,2025-07-15
16.11,17.04,15.83,16.67,1308771.12647279,2025-07-16
16.67,18.1,16.33,17.99,1418001.51805152,2025-07-17
17.99,19.15,17.33,17.82,2747417.31771506,2025-07-18
17.82,18.54,17.54,18.4,1081916.06835782,2025-07-19
18.4,19.99,18.33,19.27,2619646.82592501,2025-07-20
19.27,20.277,18.99,19.499,1725295.83421506,2025-07-21
19.499,19.986,18.627,19.663,1869317.46201291,2025-07-22
19.663,19.758,17.549,18.17,1885458.31957623,2025-07-23
18.17,18.682,17.155,17.884,1752753.80674387,2025-07-24
17.884,18.484,17.26,18.281,1543048.72255115,2025-07-25
18.281,18.626,18.168,18.398,542096.68297575,2025-07-26
18.398,19.288,18.347,19.229,658974.6688383,2025-07-27
19.229,19.55,17.967,18.117,920962.02414121,2025-07-28
18.117,18.633,17.476,17.832,975060.20315268,2025-07-29
17.832,17.954,16.773,17.709,940418.52152247,2025-07-30
17.709,18.225,16.848,16.926,872473.35097333,2025-07-31
16.926,17.034,15.674,16.073,1588025.05071582,2025-08-01
16.073,16.254,15.437,15.647,684867.78246086,2025-08-02
15.647,16.402,15.445,16.3,352764.69798514,2025-08-03
16.3,17.205,16.278,17.116,1293796.36341821,2025-08-04
17.116,17.127,16.08,16.385,3207531.16122792,2025-08-05
16.385,16.903,16.035,16.679,314347.05591622,2025-08-06
16.679,18.496,16.578,18.468,972007.78765506,2025-08-07
18.468,19.969,18.08,19.899,1637250.03099481,2025-08-08
19.899,21.991,19.791,21.949,1605372.21090922,2025-08-09
21.949,22.7,21.165,22.078,2199579.48407221,2025-08-10
22.078,22.612,20.838,21.071,1699859.52499271,2025-08-11
21.071,24.207,20.992,23.608,2464262.35769555,2025-08-12
23.608,24.738,23.234,23.978,1893787.46458649,2025-08-13
23.978,24.313,21.522,22.456,2406560.51219196,2025-08-14
22.456,23.046,21.368,21.752,1354661.652112766,2025-08-15
21.752,22.97,21.402,22.633,825784.706025639,2025-08-16
22.633,26.328,22.37,25.63,2148432.914600276,2025-08-17
25.63,26.721,24.287,25.78,4083155.008450808,2025-08-18
25.78,25.811,23.457,23.551,2846153.98444791,2025-08-19
23.551,26.886,23.368,26.458,3609844.35751666,2025-08-20
26.458,26.6,24.642,24.822,2335913.69430062,2025-08-21
24.822,27.858,24.116,26.794,3655712.27179807,2025-08-22
26.794,26.827,25.535,26.286,1349322.89025581,2025-08-23
26.286,26.623,25.229,25.827,1559187.19271416,2025-08-24
25.827,26.461,23.09,23.391,2548313.71853524,2025-08-25
23.391,24.75,22.878,24.38,1653256.38541604,2025-08-26
24.38,24.681,23.587,23.785,1482403.06404662,2025-08-27
23.785,26.018,23.557,25.182,2774743.48849671,2025-08-28
25.182,25.235,23.117,23.422,1737309.82682433,2025-08-29
23.422,23.524,22.83,23.504,630902.99110989,2025-08-30
23.504,24.059,23.186,23.205,645077.67599117,2025-08-31
23.205,23.864,22.083,22.512,926492.10756073,2025-09-01
22.512,23.59,22.346,23.488,815157.86535623,2025-09-02
23.488,23.906,23.217,23.691,461232.35161942,2025-09-03
23.691,23.96,22.193,22.32,422124.42637825,2025-09-04
22.32,23.242,22.048,22.298,835408.32634044,2025-09-05
22.298,22.517,21.88,22.206,221974.46895434,2025-09-06
22.206,22.606,22.119,22.456,327571.18936067,2025-09-07
22.456,23.301,22.234,23.039,581726.84502902,2025-09-08
23.039,23.822,22.829,23.041,584052.62129199,2025-09-09
23.041,23.934,22.88,23.573,552917.82797493,2025-09-10
23.573,24.494,23.319,24.472,681014.93971013,2025-09-11
24.472,25.328,24.16,25.121,636735.630092,2025-09-12
25.121,25.634,24.441,24.885,589961.10056592,2025-09-13
24.885,25.014,23.842,24.095,315054.02329268,2025-09-14
24.095,24.429,22.973,23.565,422579.76475698,2025-09-15
23.565,23.757,23.1,23.481,242990.20006646,2025-09-16
23.481,24.243,22.77,23.993,731644.06536772,2025-09-17
23.993,24.744,23.676,24.634,706721.91395384,2025-09-18
24.634,24.876,23.269,23.483,675175.83908114,2025-09-19
23.483,23.655,23.095,23.332,237634.77961723,2025-09-20
23.332,23.481,22.902,22.958,171036.92600931,2025-09-21
22.958,23.05,20.24,21.658,1072363.50751139,2025-09-22
21.658,22.046,21.183,21.512,413106.60413661,2025-09-23
21.512,21.965,20.985,21.606,943507.16228414,2025-09-24
21.606,21.656,19.837,20.15,1132712.029538624,2025-09-25
20.15,21.245,19.931,21.072,760465.526464832,2025-09-26
21.072,21.149,20.73,20.912,232647.982998456,2025-09-27
20.912,21.715,20.431,21.685,379427.177937684,2025-09-28
21.685,21.894,20.91,21.732,539804.856358736,2025-09-29
21.732,21.871,20.968,21.303,676213.427937496,2025-09-30
21.303,22.628,21.061,22.576,914422.43753762,2025-10-01
22.576,23.118,21.938,22.771,1225542.407719996,2025-10-02
22.771,23.082,22.085,22.49,1301462.198566148,2025-10-03
22.49,22.61,21.768,22.021,3306632.86487066,2025-10-04
22.021,22.936,21.885,21.992,6238325.399041576,2025-10-05
21.992,23.585,21.513,23.361,1029155.168873612,2025-10-06
23.361,23.729,21.746,21.806,1020028.517323284,2025-10-07
21.806,22.663,21.63,22.627,687649.98366084,2025-10-08
22.627,22.672,21.33,21.992,770146.0734626,2025-10-09
21.992,22.777,8.128,17.304,6813354.026236476,2025-10-10
17.304,18.516,16.605,17.189,4161503.531055396,2025-10-11
17.189,19.426,16.677,18.996,1478741.424071956,2025-10-12
18.996,20.195,18.727,19.84,1648416.85291324,2025-10-13
19.84,20.068,18.072,19.102,1607855.641459724,2025-10-14
19.102,19.253,17.727,18.048,1290430.53387498,2025-10-15
18.048,18.62,17.104,17.43,1093364.05510598,2025-10-16
17.43,17.683,15.699,16.598,1257552.715259584,2025-10-17
16.598,17.01,16.577,16.814,226975.4035,2025-10-18
16.814,17.659,16.53,17.284,256919.09265,2025-10-19
17.284,19.189,16.929,18.654,517342.2283,2025-10-20
18.654,18.964,17.539,17.605,569643.8218,2025-10-21
17.605,17.84,16.709,17.196,537468.9246,2025-10-22
17.196,17.798,17.101,17.434,270377.7846,2025-10-23
17.434,18.1,17.296,17.901,284839.7086,2025-10-24
17.901,18.246,17.788,18.015,131015.2238,2025-10-25
18.015,18.689,17.694,18.537,353104.0888,2025-10-26
18.537,19.06,18.085,18.218,629934.5354,2025-10-27
18.218,18.822,17.44,17.828,423580.2382,2025-10-28
17.828,18.674,17.544,18.134,441376.0531,2025-10-29
18.134,18.426,16.321,16.802,496545.8739,2025-10-30
16.802,17.46,16.741,17.254,319444.3651,2025-10-31
17.254,17.435,17.027,17.147,161319.7018,2025-11-01
17.147,17.64,16.992,17.601,274335.7843,2025-11-02
17.601,17.661,14.536,15.247,815654.0459,2025-11-03
15.247,15.51,13.691,14.68,888799.0861,2025-11-04
14.68,15.403,13.985,15.092,468219.9809,2025-11-05
15.092,15.236,14.248,14.745,403430.1789,2025-11-06
14.745,16.229,14.307,15.792,649439.1517,2025-11-07
15.792,16.034,15.117,15.519,509827.8578,2025-11-08
15.519,16.127,15.019,15.922,233886.5483,2025-11-09
15.922,16.668,15.78,16.357,371010.7593,2025-11-10
16.357,16.796,15.245,15.284,318646.79,2025-11-11
15.284,16.247,14.922,15.152,381306.6571,2025-11-12
15.152,16.019,14.149,14.555,526672.9873,2025-11-13
14.555,14.613,13.576,13.814,644662.4054,2025-11-14
13.814,14.34,13.808,14.139,256316.3338,2025-11-15
14.139,14.525,13.394,13.732,429820.5594,2025-11-16
13.732,14.278,13.086,13.333,814675.583,2025-11-17
13.333,13.987,13.06,13.799,453430.7291,2025-11-18
13.799,13.847,12.769,13.526,472054.644,2025-11-19
13.526,14.002,12.77,12.938,506298.1525,2025-11-20
12.938,13.213,11.61,12.115,928132.0184,2025-11-21
12.115,12.31,11.743,12.18,239825.8742,2025-11-22
12.18,12.749,12.112,12.517,373695.3971,2025-11-23
12.517,13.206,12.297,12.969,412081.7715,2025-11-24
12.969,13.219,12.55,13.082,423740.0844,2025-11-25
13.082,13.506,12.751,13.454,370628.6362,2025-11-26
13.454,13.57,13.23,13.352,151009.5024,2025-11-27
13.352,13.546,13.041,13.124,199561.7024,2025-11-28
13.124,13.217,12.913,12.982,133526.6787,2025-11-29
12.982,13.416,12.936,12.95,164929.6896,2025-11-30
12.95,12.978,11.747,12.075,621789.0757,2025-12-01
12.075,13.586,11.981,13.469,456100.2175,2025-12-02
13.469,14.737,13.43,14.638,624501.2786,2025-12-03
14.638,14.931,13.959,14.251,362973.6079,2025-12-04
14.251,14.398,13.366,13.596,235287.6051,2025-12-05
13.596,14.085,13.499,13.919,174939.4312,2025-12-06
13.919,14.175,13.181,13.652,270253.3958,2025-12-07
13.652,14.293,13.571,13.767,280735.9361,2025-12-08
13.767,15.007,13.552,14.407,419665.8031,2025-12-09
14.407,14.885,13.947,14.1,1022367.6715,2025-12-10
14.1,14.204,13.398,14.062,742590.0953,2025-12-11
14.062,14.338,13.279,13.634,426439.4535,2025-12-12
13.634,13.967,13.602,13.728,230596.0427,2025-12-13
13.728,13.793,13.09,13.278,235472.4634,2025-12-14
13.278,13.731,12.475,12.86,549628.9243,2025-12-15
12.86,13.124,12.556,12.928,321210.9956,2025-12-16
12.928,13.18,12.124,12.271,381657.914,2025-12-17
12.271,12.877,11.736,11.928,463178.8134,2025-12-18
11.928,12.755,11.841,12.54,443329.324,2025-12-19
12.54,12.713,12.48,12.549,229854.9843,2025-12-20
12.549,12.71,12.223,12.435,151052.0965,2025-12-21
12.435,12.96,12.331,12.587,299400.8347,2025-12-22
12.587,12.702,12.075,12.397,303275.1036,2025-12-23
12.397,12.433,12.0,12.27,164172.4142,2025-12-24
12.27,12.427,11.993,12.067,147879.0139,2025-12-25
12.067,12.539,12.026,12.192,213783.7291,2025-12-26
12.192,12.551,12.166,12.525,126112.366,2025-12-27
12.525,12.598,12.324,12.502,238117.1532,2025-12-28
12.502,13.021,12.25,12.307,390907.8029,2025-12-29
12.307,12.594,12.265,12.426,232235.2212,2025-12-30
12.426,12.556,12.192,12.207,200058.6649,2025-12-31
12.207,12.638,12.154,12.607,157447.284,2026-01-01
12.607,13.438,12.585,13.277,339709.5172,2026-01-02
13.277,13.362,12.965,13.234,185522.2219,2026-01-03
13.234,13.576,13.209,13.418,274131.0855,2026-01-04
13.418,14.13,13.393,13.908,385398.8736,2026-01-05
13.908,14.239,13.473,14.039,502709.1125,2026-01-06
14.039,14.042,13.301,13.448,340131.029,2026-01-07
13.448,13.56,13.031,13.226,462769.0356,2026-01-08
13.226,13.448,13.035,13.141,473379.2798,2026-01-09
13.141,13.261,13.065,13.145,339761.2147,2026-01-10
13.145,13.366,13.052,13.204,214275.9713,2026-01-11
13.204,13.517,12.928,13.079,271140.8793,2026-01-12
13.079,14.183,13.056,14.055,353742.9555,2026-01-13
14.055,14.414,13.848,14.107,413847.1628,2026-01-14
14.107,14.213,13.56,13.789,2856116.934,2026-01-15
13.789,13.865,13.431,13.725,241580.739,2026-01-16
13.725,13.896,13.634,13.748,114235.3626,2026-01-17
13.748,13.876,13.298,13.311,188632.0931,2026-01-18
13.311,13.314,12.357,12.885,444676.6781,2026-01-19
12.885,12.901,12.026,12.127,449738.6152,2026-01-20
12.127,12.669,11.895,12.402,454559.3182,2026-01-21
12.402,12.578,12.127,12.266,215777.4347,2026-01-22
12.266,12.505,12.046,12.222,236371.5542,2026-01-23
12.222,12.281,12.134,12.203,122977.701,2026-01-24
12.203,12.222,11.365,11.527,534418.1373,2026-01-25
11.527,12.132,11.508,11.947,430731.2539,2026-01-26
11.947,12.191,11.843,12.046,271048.3008,2026-01-27
12.046,12.069,11.696,11.846,320504.3902,2026-01-28
11.846,11.872,10.835,11.13,713559.2833,2026-01-29
11.13,11.168,10.505,10.792,802197.1794,2026-01-30
10.792,10.837,8.971,9.993,1375669.0741,2026-01-31
9.993,10.078,9.217,9.408,747492.9893,2026-02-01
9.408,10.027,9.023,9.806,887856.9633,2026-02-02
9.806,9.894,9.091,9.496,937865.9851,2026-02-03
9.496,9.774,9.027,9.258,905197.2794,2026-02-04
9.258,9.353,7.853,7.915,2582482.6568,2026-02-05
7.915,9.004,7.163,8.882,1530196.9494,2026-02-06
8.882,9.043,8.579,8.907,1127313.1261,2026-02-07
8.907,9.045,8.717,8.816,463692.6104,2026-02-08
8.816,9.017,8.46,8.833,665654.2538,2026-02-09
8.833,8.881,8.475,8.572,346484.6215,2026-02-10
8.572,8.611,8.131,8.321,695536.3826,2026-02-11
8.321,8.6,8.175,8.417,407460.4816,2026-02-12
8.417,8.911,8.305,8.766,423694.4626,2026-02-13
8.766,9.209,8.756,9.092,405100.2067,2026-02-14
9.092,9.246,8.606,8.786,581248.6482,2026-02-15
8.786,8.993,8.649,8.937,399812.2724,2026-02-16
8.937,8.995,8.664,8.829,483584.1185,2026-02-17
8.829,9.002,8.521,8.606,414080.4364,2026-02-18
8.606,8.755,8.345,8.577,448780.711,2026-02-19
8.577,9.011,8.454,8.943,397088.7797,2026-02-20
8.943,9.047,8.848,8.875,219717.0007,2026-02-21
8.875,8.9,8.603,8.677,272192.2359,2026-02-22
8.677,8.691,8.173,8.271,695328.0223,2026-02-23
8.271,8.337,8.056,8.197,608867.7114,2026-02-24
8.197,9.587,8.182,9.27,669710.7837,2026-02-25
9.27,9.34,8.858,9.094,429714.5834,2026-02-26
9.094,9.299,8.551,8.712,507537.9244,2026-02-27
8.712,8.942,8.213,8.845,641036.0156,2026-02-28
8.845,9.204,8.54,8.671,569301.7018,2026-03-01
8.671,9.273,8.587,8.95,656771.7213,2026-03-02
8.95,9.012,8.56,8.807,475321.9962,2026-03-03
8.807,9.631,8.688,9.357,598803.558,2026-03-04
9.357,9.49,9.073,9.204,411555.4631,2026-03-05
9.204,9.298,8.667,8.796,409680.3191,2026-03-06
8.796,8.854,8.642,8.694,197499.0607,2026-03-07
8.694,8.775,8.392,8.513,379265.9646,2026-03-08
8.513,9.099,8.506,8.872,495989.1122,2026-03-09
8.872,9.181,8.853,8.983,346690.8585,2026-03-10
8.983,9.17,8.867,8.995,442919.7061,2026-03-11
8.995,9.106,8.836,9.05,429293.1509,2026-03-12
9.05,9.594,9.019,9.084,592021.233,2026-03-13
9.084,9.172,8.92,9.166,284276.788,2026-03-14
9.166,9.554,9.112,9.494,672102.1888,2026-03-15
9.494,10.085,9.409,9.922,1511492.3825,2026-03-16
9.922,10.022,9.686,9.793,465158.1926,2026-03-17
9.793,9.928,9.088,9.23,542179.6637,2026-03-18
9.23,9.344,8.899,9.051,360382.6466,2026-03-19
9.051,9.212,8.959,9.112,316792.4153,2026-03-20
9.112,9.177,8.754,8.819,295682.4519,2026-03-21
8.819,8.967,8.57,8.688,465292.6324,2026-03-22
8.688,9.288,8.575,9.11,562790.5778,2026-03-23
9.11,9.27,9.009,9.245,440197.5182,2026-03-24
9.245,9.498,9.177,9.374,369804.2522,2026-03-25
9.374,9.39,8.813,8.915,426548.9595,2026-03-26
8.915,8.984,8.486,8.568,334323.9693,2026-03-27
8.568,8.701,8.377,8.435,233186.0448,2026-03-28
8.435,8.589,8.199,8.415,239152.5888,2026-03-29
8.415,8.923,8.402,8.619,306344.2579,2026-03-30
8.619,8.885,8.506,8.779,508289.4169,2026-03-31
8.779,9.195,8.737,8.944,443901.9514,2026-04-01
8.944,9.009,8.423,8.632,455673.2317,2026-04-02
8.632,8.809,8.589,8.658,222277.2831,2026-04-03
8.658,8.78,8.61,8.695,160823.1255,2026-04-04
8.695,8.869,8.477,8.819,318174.4899,2026-04-05
8.819,9.15,8.725,8.8,384406.2651,2026-04-06
8.8,9.414,8.572,9.285,554542.0692,2026-04-07
9.285,9.34,8.842,8.86,279213.6265,2026-04-08
8.86,9.185,8.692,8.947,350896.6607,2026-04-09
8.947,9.173,8.882,9.083,282881.8544,2026-04-10
9.083,9.289,8.953,9.066,242615.9939,2026-04-11
9.066,9.081,8.686,8.735,243416.0144,2026-04-12
8.735,9.433,8.687,9.361,360653.4206,2026-04-13
9.361,9.383,8.929,9.019,291081.7499,2026-04-14
9.019,9.374,8.993,9.26,270012.0389,2026-04-15
9.26,9.675,9.126,9.596,570367.6187,2026-04-16
9.596,9.868,9.34,9.613,731458.0531,2026-04-17
9.613,9.651,9.258,9.282,564370.6187,2026-04-18
9.282,9.375,9.003,9.062,701948.9426,2026-04-19
9.062,9.406,9.049,9.286,606113.2718,2026-04-20
9.286,9.488,9.237,9.397,637358.1988,2026-04-21
9.397,9.555,9.283,9.29,332567.2768,2026-04-22
9.29,9.388,9.147,9.347,376136.0711,2026-04-23
9.347,9.444,9.246,9.376,230261.2677,2026-04-24
9.376,9.446,9.286,9.347,151355.6521,2026-04-25
9.347,9.537,9.297,9.486,183327.8501,2026-04-26
9.486,9.59,9.154,9.322,270077.7282,2026-04-27
9.322,9.329,9.148,9.242,207055.9853,2026-04-28
9.242,9.418,8.914,9.115,287154.628,2026-04-29
9.115,9.187,9.023,9.106,232393.6163,2026-04-30
9.106,9.282,9.07,9.098,146128.6987,2026-05-01
9.098,9.255,9.069,9.177,171997.6602,2026-05-02
9.177,9.223,9.066,9.128,134167.377,2026-05-03
9.128,9.654,9.089,9.359,401731.2599,2026-05-04
9.359,9.848,9.356,9.766,435099.8844,2026-05-05
9.766,10.247,9.759,9.997,410315.7361,2026-05-06
9.997,10.128,9.806,9.849,322171.9094,2026-05-07
9.849,10.492,9.768,10.344,419896.7517,2026-05-08
10.344,10.608,10.283,10.376,263135.7657,2026-05-09
10.376,10.868,10.285,10.718,362827.0499,2026-05-10
10.718,10.758,10.4,10.596,303012.0062,2026-05-11
10.596,10.597,10.11,10.286,369180.2617,2026-05-12
10.286,10.806,10.041,10.218,516677.5031,2026-05-13
10.218,10.772,10.093,10.482,439515.273,2026-05-14
10.482,10.561,9.968,10.073,495447.819,2026-05-15
10.073,10.098,9.617,9.719,396017.7891,2026-05-16
9.719,9.853,9.337,9.567,470858.5681,2026-05-17
9.567,9.619,9.312,9.609,771848.4545,2026-05-18
9.609,9.823,9.435,9.449,1439559.9506,2026-05-19
9.449,9.69,9.377,9.633,2554558.5236,2026-05-20
9.633,9.855,9.52,9.755,499972.0157,2026-05-21
9.755,10.035,9.366,9.422,499439.5802,2026-05-22
9.422,9.783,9.06,9.561,476727.9944,2026-05-23
9.561,9.649,9.251,9.428,348852.1498,2026-05-24
9.428,9.674,9.366,9.506,274398.8891,2026-05-25
9.506,9.685,9.339,9.387,429884.2952,2026-05-26
9.387,9.485,9.11,9.137,364378.445,2026-05-27
9.137,9.155,8.772,9.006,454776.2401,2026-05-28
9.006,9.135,8.795,9.023,425153.9272,2026-05-29
9.023,9.313,9.021,9.19,439252.1027,2026-05-30
9.19,9.302,8.993,9.149,286057.4769,2026-05-31
9.149,9.214,8.848,9.058,385445.2191,2026-06-01
9.058,9.072,8.25,8.373,567759.1961,2026-06-02
8.373,8.615,8.106,8.335,433302.0763,2026-06-03
8.335,8.399,7.801,8.018,567550.2654,2026-06-04
8.018,8.041,7.12,7.365,869524.5082,2026-06-05
7.365,7.469,6.996,7.394,374137.1423,2026-06-06
7.394,8.027,7.376,7.918,414016.0306,2026-06-07
7.918,8.126,7.722,7.996,350552.7016,2026-06-08
7.996,8.027,7.65,7.838,378342.3016,2026-06-09
7.838,7.9,7.484,7.562,379342.7006,2026-06-10
7.562,7.983,7.561,7.885,337661.5573,2026-06-11
7.885,8.011,7.754,7.869,298457.5816,2026-06-12
7.869,8.055,7.858,7.987,225215.4118,2026-06-13
7.987,8.184,7.785,8.18,198004.117,2026-06-14
8.18,8.6,8.104,8.301,492087.8436,2026-06-15
8.301,8.48,8.095,8.277,232732.7513,2026-06-16
8.277,8.418,7.938,8.089,272706.5757,2026-06-17
8.089,8.137,7.773,8.014,209648.4348,2026-06-18
8.014,8.043,7.773,7.949,135965.3955,2026-06-19
7.949,8.015,7.827,7.989,118775.8244,2026-06-20
7.989,8.011,7.768,7.781,89950.3027,2026-06-21
7.781,8.154,7.781,7.876,151888.7904,2026-06-22
7.876,7.914,7.48,7.635,214404.1856,2026-06-23
7.635,7.698,7.121,7.425,397706.0636,2026-06-24
7.425,7.551,7.01,7.245,377525.4006,2026-06-25
7.245,7.402,7.015,7.353,306691.4852,2026-06-26
7.353,7.477,7.247,7.302,83779.3273,2026-06-27
7.302,7.357,7.159,7.269,126502.285,2026-06-28
7.269,7.502,7.18,7.382,179607.5208,2026-06-29
7.382,7.398,7.121,7.2,144612.8186,2026-06-30
7.2,7.535,7.074,7.36,194952.8101,2026-07-01
7.36,7.942,7.308,7.749,195140.3397,2026-07-02
7.749,8.038,7.725,7.976,135586.767,2026-07-03
7.976,8.176,7.882,8.008,135496.0377,2026-07-04
8.008,8.151,7.839,8.062,86498.8003,2026-07-05
8.062,8.171,7.762,8.021,176810.1529,2026-07-06
8.021,8.067,7.798,7.859,97100.2113,2026-07-07
7.859,7.896,7.52,7.64,145211.8839,2026-07-08
7.64,7.811,7.573,7.733,93598.8854,2026-07-09
7.733,8.019,7.71,7.969,123793.5104,2026-07-10
7.969,8.12,7.91,7.915,53112.1926,2026-07-11
7.915,8.102,7.861,8.0,45640.9294,2026-07-12
8.0,8.134,7.796,7.888,111995.2058,2026-07-13
7.888,8.402,7.866,8.345,136239.9652,2026-07-14
8.345,8.632,8.267,8.546,194615.6364,2026-07-15
8.546,8.568,8.313,8.341,265284.4933,2026-07-16
8.341,8.366,8.007,8.256,241561.4386,2026-07-17
8.256,8.378,8.213,8.35,79828.4553,2026-07-18
8.35,8.411,8.287,8.385,63303.3993,2026-07-19
8.385,8.645,8.289,8.595,97938.7723,2026-07-20
8.595,8.758,8.57,8.658,118717.9886,2026-07-21
8.658,8.757,8.572,8.632,101129.6534,2026-07-22
8.632,8.682,8.417,8.473,98817.8065,2026-07-23
8.473,8.579,8.294,8.339,69577.6598,2026-07-24
8.339,8.437,8.268,8.382,89018.5081,2026-07-25
8.382,8.84,8.381,8.824,65614.2809,2026-07-26
8.824,8.915,8.351,8.382,68489.4234,2026-07-27
8.382,8.451,8.195,8.446,107697.4931,2026-07-28
8.446,8.513,8.166,8.335,84926.804,2026-07-29
8.335,8.532,8.266,8.453,83403.9074,2026-07-30
8.453,8.515,8.024,8.173,116219.9164,2026-07-31
8.173,8.248,7.892,8.068,90940.1049,2026-08-01
8.068,8.451,8.057,8.382,106072.699,2026-08-02
8.382,8.391,8.162,8.187,88742.5745,2026-08-03
8.187,8.265,8.119,8.15,120585.5551,2026-08-04
8.15,8.254,8.07,8.159,89447.4635,2026-08-05
8.159,8.341,8.071,8.197,90336.2879,2026-08-06
8.197,8.318,8.11,8.189,91124.1785,2026-08-07
8.189,8.396,8.167,8.306,52665.292,2026-08-08
8.306,8.391,8.175,8.189,88646.5198,2026-08-09
8.189,8.37,8.167,8.297,133424.4828,2026-08-10
8.297,8.808,8.292,8.777,272494.5413,2026-08-11
8.777,8.894,8.625,8.672,239213.7431,2026-08-12
8.672,8.905,8.621,8.887,138423.5831,2026-08-13
8.887,9.017,8.728,8.97,209567.9949,2026-08-14
8.97,9.747,8.97,9.467,403098.5062,2026-08-15
9.467,9.51,9.297,9.391,184353.7124,2026-08-16
9.391,9.577,9.361,9.546,176181.0335,2026-08-17
9.546,9.559,9.332,9.539,119623.3202,2026-08-18
9.539,10.892,9.488,10.555,512013.8642,2026-08-19
10.555,10.876,10.368,10.695,258609.9587,2026-08-20
10.695,12.394,10.688,11.993,764103.7835,2026-08-21
11.993,12.61,10.901,11.651,865625.6678,2026-08-22
11.651,11.744,11.037,11.553,513777.4305,2026-08-23
11.553,11.785,11.293,11.631,365119.9888,2026-08-24
11.631,11.972,11.142,11.289,296277.0852,2026-08-25
11.289,11.628,11.06,11.624,184878.2467,2026-08-26
11.624,11.978,11.456,11.917,214008.4628,2026-08-27
11.917,12.058,11.259,11.436,213919.7461,2026-08-28
11.436,11.491,11.281,11.458,115993.7269,2026-08-29
11.458,11.8,10.984,11.147,189820.7803,2026-08-30
11.147,11.5,11.033,11.323,132512.8511,2026-08-31
11.323,11.523,11.058,11.233,207771.411,2026-09-01
11.233,11.303,10.913,10.982,72991.6784,2026-09-02
